0.0076547173823878255,-0.9651226916282675
0.0009112217973885452,-0.9859708118143874
0.0004630571492785341,-0.989154525283085
0.000573761847713327,0.9882495287910933
0.0005594029404632064,0.9883610860798859
0.0007481788159626981,0.9870012243090966
0.0009367619850895966,0.9858186466823868
0.001079692612202128,0.9850050941188566
0.0013041765222318558,0.9838343844274848
0.001634625655052249,0.9822871878024206
0.0019536577506049017,0.9809384650100565
0.0022331969057064432,0.9798448613488124
0.0027920638057480104,0.9778438162206406
0.0032683660076841914,0.9762865916873935
0.003920441516441715,0.9743188979599446
0.004628002355165463,0.9723478727291899
0.00557030457854682,0.9699227074683485
0.00671388015968217,0.9672096883036454
0.007537062854122713,0.9653775551783903
0.009528224869030641,0.9612595016269316
0.010882800019557609,0.9586538870889363
0.01275881989077856,0.9552432803816819
0.01469575028356944,0.9519129829994539
0.01673934291749598,0.9485660499582704
0.018926848992113516,0.9451364628907515
0.02338760587559684,0.9385213764923583
0.02780199453153586,0.9323506918416753
0.03231817068732898,0.9263229063970586
0.036209189942043064,0.9213085958847811
0.040169820478923826,0.9163408337831758
0.04484636493999658,0.9106191131426056
0.048334776029831536,0.9064351774685815
0.05706356295195401,0.8962129333913267
0.06249683931076376,0.8899894181874961
0.0664663912551218,0.8854950066428997
0.07319712528186925,0.8779554972627375
0.07698182321980544,0.8737525691244732
0.08492564667513598,0.8649958729904434
0.09324990848878853,0.8558876368907831
0.10001495911505683,0.8485173610759151
0.1047227995785824,0.843397851806551
0.10916019209624164,0.838575694719907
0.11289918720301995,0.8345127950596003
0.11361125097034669,0.8337389331385381
0.12208913761467675,0.824517708981565
0.1299797876808411,0.8159130065503244
0.1340696211676656,0.811440575681704
0.14063816386921332,0.8042348709010436
0.1445020456853632,0.7999810776088008
0.1504119499898012,0.793450009239288
0.15445013636705154,0.7889683856822867
0.16082367357176192,0.7818602604538611
0.16634767369759287,0.7756621189092188
0.17288313487569493,0.7682799745184792
0.17627081601688854,0.7644310093722608
0.17973222362353042,0.7604816021586778
0.18145876635049463,0.7585051349985157
0.18590650391274027,0.7533928849569931
0.18883257232978673,0.7500128648819391
0.1885723289262764,0.750314035596505
0.18977329371855614,0.74892328806337
0.19085222847250816,0.7476718543769942
0.1923826961559913,0.7458934089639779
0.19540787285224723,0.7423665133133832
0.19608268122059236,0.7415776602806277
0.19901644847776126,0.7381388590972802
0.20087258357870247,0.7359553257631435
0.20230115831451917,0.7342705339168698
0.20230115831451917,0.7342705339168698
0.20374349179605974,0.7325657251202033
0.20527628083888866,0.7307497702340555
0.20650233768608658,0.7292940367830452
0.20844246576296266,0.7269846179919959
0.2063911956679175,0.7294261162352016
0.2062179739173935,0.729631923540067
0.2076733226636971,0.7279010257748544
0.25531474921960334,0.6686829763450517
0.2576334034033299,0.6656560914485756
0.25624680058519295,0.6674680522606558
0.2539454399457466,0.6704634634988551
0.25085274557792175,0.6744658264175951
0.2474028031072922,0.6789000364063935
0.24355084465528656,0.6838139600351176
0.24322769513972683,0.6842244595126763
0.23797122505086388,0.6908648518368132
0.2389620558040719,0.6896184174231421
0.23657320444627092,0.6926194308422478
0.28916589901563955,0.6228541490038706
0.2880461078138541,0.6244309376418935
0.2858710078095689,0.627480882498169
0.33421276838432906,0.5551616515341118
0.3317319574348654,0.559134217430129
0.32570028550978336,0.568661029341393
0.36897564902844865,0.49566340517972396
0.3648293039720645,0.5031801490556949
0.4022834773029867,0.42991653166299515
0.39862038487676027,0.4376866579855463
0.4302917814351686,0.36449969879570365
0.42213570949656964,0.38480133940148553
0.44885433527903623,0.31303042112612234
0.44885433527903623,0.31303042112612234
0.43966823544273353,0.3395428499683806
0.46099027791875796,0.2738529383970165
0.45612139161201454,0.29023905763170155
0.474582789675998,0.22148503980264067
0.470572038972504,0.23818188733335766
0.4863478948963595,0.16260142335918348
0.48468865956167406,0.1721574092566407
0.48130032956910146,0.19016093293634073
0.4927515157844407,0.11859228584943526
0.49227619027747416,0.12241037764340956
0.4976784883692665,0.06716360247570274
0.4974042645065397,0.07101681020650075
0.4999764159245514,0.006771824276982308
0.49995156625299825,0.009704399971804056
0.4999190552516312,0.012545468967002149
0.49882797625968284,-0.04772990868265836
0.49877316505840674,-0.04883283571764052
0.49449408884458995,-0.10338533704881459
0.49396222808469814,-0.10825517047846245
0.4875426690199656,-0.15535063745864686
0.4858888549175451,-0.1653013799794819
0.48405623703237,-0.17566061017599877
0.4758416208330179,-0.2159700766214262
0.47275554295569644,-0.22924754575980222
0.4632882961257214,-0.26575171730658587
0.4612365558421647,-0.2729967315676568
0.4561285179509725,-0.29021578197808007
0.45120829655665295,-0.3058437750332268
0.44249613763957624,-0.33162102738487076
0.4395452457154397,-0.3398829182545625
0.4330342464945267,-0.3573934652882985
0.42632174762411057,-0.3745301921124111
0.4208338782625171,-0.3879356316701348
0.41036407904069394,-0.41220456622752244
0.3996576033732199,-0.4355020374829992
0.39016967811307046,-0.455054782096018
0.3927604643119058,-0.4498091010193003
0.38395235921571963,-0.46737688264448873
0.38126112677284396,-0.472599770953955
0.3698613703827756,-0.49404100555153374
0.37385364560675405,-0.4866526624168711
0.3670324851689396,-0.4992019692918508
0.35831289233536767,-0.514743912614946
0.349986335709602,-0.5291052702638088
0.3419351820808827,-0.5425829203889131
0.35713409265589574,-0.5168045631188287
0.3516677802068625,-0.526240952127131
0.34416346338253323,-0.5388911087964408
0.33753063435248976,-0.5497974801908508
0.35630388538646673,-0.5182502783342512
0.3521555184216913,-0.5254067802934739
0.34362627257901873,-0.5397837536726059
0.3347518438562339,-0.5542941244194443
0.328443620720867,-0.56435078303896
0.32409362798441227,-0.5711681331143579
0.34811902161704766,-0.5322657250760569
0.3456985461442776,-0.5363309589108087
0.33617020290923055,-0.552004149504714
0.32316403183571596,-0.5726129972378433
0.3168945303003137,-0.5822508945423719
0.34865536776286987,-0.5313601367600944
0.3427407599838406,-0.5412515470845964
0.3392516245854924,-0.5469914305426673
0.3312230305362776,-0.5599451990079625
0.3210762399898241,-0.5758429558162841
0.3569092404295358,-0.5171965704890923
0.3499547327431977,-0.5291589370614945
0.33792040031878373,-0.5491634030004631
0.3680975230311937,-0.4972660129169064
0.36540077389779557,-0.502151685413384
0.3557404609589099,-0.5192288248107081
0.34680718204851646,-0.5344733453240736
0.3794073551088665,-0.4761601973278359
0.373371214126228,-0.48755216424625425
0.3615962466634721,-0.5089545047395663
0.3969280371275198,-0.4412254943169702
0.3876702005280303,-0.46005267515426884
0.3796657675070094,-0.47566566797833665
0.4115552065546495,-0.4095225523744027
0.4040654920882813,-0.426080001219883
0.4273263016330955,-0.3720196903223524
0.4198299066091506,-0.3903341548133097
0.41071762927804295,-0.41141048791429424
0.43687532594498796,-0.34717770059190445
0.43024790810464686,-0.36461217292118187
0.4514130023694241,-0.30521036033479476
0.44465284021788787,-0.3254413507084185
0.43909133507225717,-0.34113485660661036
0.4583891519110659,-0.28273070892606444
0.4542691685888569,-0.29622360026624794
0.47085482785359745,-0.2370443901180711
0.4655226168780815,-0.25762033374923077
0.47974147623297636,-0.19788351931943116
0.47620587669676384,-0.2143470362673251
0.4869344773237905,-0.1590835343946252
0.48534352876175135,-0.16845170474157356
0.48392814060696226,-0.1763615499972614
0.49159240272492966,-0.12770112218534235
0.49704295813412647,-0.07579428995524651
0.49648402923378937,-0.08264080086886094
0.49599527686744627,-0.08819151271234615
0.4994175655187333,-0.03364990512935395
0.49905008856798483,-0.042971274436601425
0.49998037163661946,0.006177866959034217
0.49998967080923346,0.004481570721661887
0.49998967080923346,0.004481570721661887
0.498789482783409,0.04850711107159955
0.49870768205727917,0.05011864887331141
0.4986323987828896,0.05155722909665639
0.4955206198903645,0.09326508129396749
0.49508818635699164,0.09765699207290912
0.49477213921177543,0.10074515361930825
0.489942699425212,0.13963496360886962
0.4882996624306205,0.15057328745149912
0.4834246761502141,0.17908941649806032
0.4803824929193874,0.19474582832219745
0.4746771306258947,0.22107663607792394
0.47192591682236745,0.23268389875833995
0.46787162824945167,0.24877343474458202
0.4607521139776614,0.27467828524946336
0.45799412951157936,0.28405356020136097
0.4516962541581716,0.30433160982427143
0.44753080253851496,0.31699560380922165
0.44280995195426576,0.33072947390647656
0.43963945917232466,0.3396224493109308
0.43183315938642414,0.36052423490694907
0.4285615443771656,0.3689073833762806
0.4212567701925285,0.3869204958776806
0.4114034839892417,0.40986524726954987
0.4109733750745448,0.41083503241829167
0.40208055509672314,0.4303510186547521
0.3934121462703352,0.44847888647569767
0.3834229161835847,0.4684095146485079
0.3918676262926079,0.45162451003968185
0.3806569488167532,0.473763465966738
0.37059774768108045,0.49268758576931315
0.3640216424003292,0.5046296515179598
0.3731074724388852,0.4880431282719977
0.36863570266769985,0.4962845092526291
0.35720705447947665,0.5166772891229547
0.34673607806252404,0.5345927062965197
0.34259627283944005,0.5414906142036457
0.33226454686460016,0.5582840899506689
0.35479041464128463,0.5208741358157112
0.34867562428574406,0.5313259004781563
0.34561102599653204,0.536477295022636
0.3339878908483775,0.5555230874800514
0.3249292654609497,0.5698657368608957
0.35287159928816725,0.5241793484285022
0.3515190129909793,0.5264950882474888
0.3392226980752394,0.5470387303052393
0.331253564315328,0.5598965808230385
0.360572928653553,0.5107668394145117
0.3538734526513542,0.5224565851741958
0.3494198055295722,0.530066391737513
0.3421604149559848,0.5422110541487579
0.3715564080797391,0.49091933245347774
0.3651591663682997,0.502586791549914
0.3576358029414263,0.5159286657839981
0.35329799093369046,0.5234469211994017
0.38393890031624195,0.4674031645821528
0.37412624413726164,0.4861435714399669
0.3666269433905583,0.49993691703556364
0.39412488825051245,0.4470190093688451
0.3885937826084949,0.45821296584743854
0.38182270731359785,0.4715152426220883
0.4061589891937647,0.4215237573793338
0.39831285772273034,0.43833207021588816
0.3956987594162892,0.44377646019722894
0.414119317962283,0.4036828728164028
0.4110752599407418,0.41060553469486893
0.39872123702902235,0.4374747688714231
0.42162175547291325,0.38604203396671366
0.4167984884076346,0.3974809945350224
0.40722921205725393,0.41917351412321824
0.43372141342424236,0.35558897047422744
0.42627897178797314,0.3746366909428416
0.44694827969182244,0.3187242473817966
0.4417685404748708,0.33367839783522246
0.4371308338547657,0.34648669894591877
0.454281370228494,0.29618459242549444
0.4488248556491102,0.3131193179525238
0.4465025774778488,0.3200401964762962
0.4644762605710076,0.26146111603523914
0.4563433334590749,0.2895132413942374
0.4736916077602112,0.22530538713301884
0.4718048913439467,0.23318082465080447
0.48212778297273434,0.18592848480102742
0.47944923931773553,0.19929720632989123
0.476250915864237,0.21414547379851956
0.48663813623087165,0.16087053557834619
0.48591810390338663,0.16513068308326817
0.49278302849305317,0.1183347647360693
0.4922420021492861,0.12268037560557232
0.4908474457651174,0.1332239630914982
0.49669169110704803,0.08016563517246889
0.49626516940728765,0.08517130572057652
0.4955751702808367,0.0926961917170761
0.4988559390183524,0.047157283931067884
0.4986240439280419,0.051714410299586344
0.49999095227399887,0.004194371632920024
0.49998447477313235,0.005494342751072745
0.4999823056854991,0.005865614302949629
0.49923476824511953,-0.03856959179031916
0.4991684516038844,-0.040205739252790584
0.49687904710444636,-0.07786474045308034
0.496616833460525,-0.08106662591222635
0.4964185419314216,-0.08340606347108637
0.49270717031683786,-0.11895372365313506
0.49161089890285153,-0.12756092470876101
0.49049985181846745,-0.1357232333967936
0.4857795119877826,-0.16593792378497418
0.4848688556463428,-0.1711458767078623
0.48279788526077716,-0.18242741041043042
0.4957732058959273,-0.09060076238486492
0.49528438053405466,-0.09568951430806272
0.49441835961789676,-0.10409273627348103
0.4997711466218765,-0.021094134478096604
0.49972484714272186,-0.02312954459448091
0.49961890463804687,-0.0272201231413417
0.4988971932659018,0.0462995268570241
0.49888426669598795,0.0465699976118541
0.498794960763762,0.04839727070558042
0.4986995471155561,0.050276085456491426
0.4933322377100263,0.11375226088012624
0.49313418719533736,0.11542590627740079
0.49244332856066264,0.12108167156733107
0.49118281924646195,0.13076679421892723
0.4830487778326864,0.18109880494554087
0.48059533203235255,0.19369250849001407
0.48009104811540226,0.1961787776346393
0.47835891657707025,0.20448332595398533
0.46770157752304187,0.24942482258098964
0.4651347548207985,0.2590509385309976
0.4626459425016161,0.2680419338940241
0.45368869111100024,0.29807314556264686
0.44492280392198263,0.3246590090039836
0.43914073764687067,0.34099883645942075
0.4311619338116558,0.36226120205760703
0.42427491723030175,0.37959000894487205
0.4145073799062696,0.40279101460466404
0.41493517797347745,0.40180532994771334
0.4094289999385793,0.4142967366079009
0.39680330591951807,0.44148507687653793
0.3886537187589996,0.4580932932320876
0.38388877366239016,0.467501035168006
0.37313048399619214,0.4880003135709652
0.38362786893926926,0.46801007398856687
0.3771787365307932,0.48040152079613985
0.3713592639764402,0.49128355010131686
0.36453195783422504,0.5037143406545437
0.35704513733843485,0.5169596880487459
0.3459209900725725,0.535958822053056
0.3683232499709117,0.4968546098191968
0.3630530738697766,0.506361760276659
0.35612615592203356,0.5185591818027253
0.35291645879728895,0.5241023463707899
0.34011377306352025,0.5455795267852561
0.3335212856836336,0.556272187644961
0.3639592846900685,0.5047413690217313
0.3585209152277423,0.5143792995216052
0.34999992578576405,0.529082190281206
0.34552657696651,0.5366184531345599
0.34336262354857855,0.5402212430562197
0.3319612322108601,0.5587684263480086
0.3238815851255688,0.5714980769309421
0.3611886713665812,0.5096772085266366
0.35537376744336047,0.5198645717121719
0.34919442842130466,0.5304481955493969
0.3414822471972797,0.5433298526496877
0.3331355887142952,0.5568905283149088
0.32531635851908863,0.5692612734786116
0.31936254390516594,0.5784787821839654
0.3158925912324663,0.5837743182297928
0.3640118913633987,0.5046471229146976
0.3593428067695768,0.51293585701284
0.3473408205961848,0.5335765674315474
0.3460608273399662,0.535724731304938
0.3309386306220499,0.5603978108605825
0.3831718263835792,0.4688983560200424
0.3765479691147755,0.48159435305612686
0.36793812256991243,0.49755630063525635
0.3576127367415315,0.5159689721951617
0.3527299004685293,0.5244224924902317
0.4010317985750616,0.43258890146806306
0.39753942525686564,0.4399506622953304
0.3878451989265725,0.45970471997662554
0.37804302513346405,0.47876167197445607
0.41907601077376816,0.3921247675718498
0.41398755433149403,0.4039852082297466
0.405824473311017,0.4222554188913845
0.405824473311017,0.4222554188913845
0.43449698918182056,0.3535404402129936
0.43127800185335713,0.36196148722514065
0.4222428060794587,0.3845422597898067
0.4222428060794587,0.3845422597898067
0.410429767696002,0.41205715536984466
0.4489739052197635,0.3126695798503667
0.443759899434499,0.32801493757237665
0.4383975098129608,0.34303908419127094
0.43180530638007936,0.36059649054103415
0.42333681405520174,0.3818848072696772
0.4610613259450653,0.27360622087621467
0.48252076666270177,0.18388351707650918
0.47890593650891344,0.20189848663114063
0.4917515345324578,0.12648980094759033
0.48947058159903883,0.14286490124391094
0.48747393888754775,0.15577703254550523
0.48707568646966615,0.15822480289919372
0.4990897136769758,0.04206571093909739
0.4964766453065702,-0.0827274425377501
0.47905027448074927,-0.2012107704905014
0.45342587574001975,-0.2989065810272151
0.44699900620470456,-0.31857411073231745
0.4149326502303609,-0.4018111618386745
0.40819737946562606,-0.4170348584404301
0.39981123968554017,-0.43517741430018153
0.36881099878897994,-0.49596434119898525
0.3564461516973433,-0.5180028614283761
0.34512982096929645,-0.5372810737862308
0.3380884594178463,-0.5488897443853995
0.3147385243377288,-0.5855234408685495
0.3078502082761034,-0.595841779376513
0.30431860848255016,-0.6010536626313036
0.29704900129954165,-0.6116229782412734
0.29342804107856335,-0.6168106842934644
0.28860514304139123,-0.6236443202282674
0.28425210952886415,-0.6297400571101763
0.2824700733781162,-0.6322163300202421
0.27859157024219217,-0.6375682574138839
0.2761426794167462,-0.6409215195268396
0.2741437463598225,-0.6436440801795703
0.2712373913774358,-0.6475796193954731
0.26794864939897867,-0.6520008517954896
0.26678903782296937,-0.6535518024430376
0.2628531831198543,-0.6587855424003728
0.2601681610400008,-0.6623295833099093
0.2754883062873967,-0.6418142111746111
0.2727226871544458,-0.6455717241625616
0.2708746378257978,-0.6480689470252752
0.2679820680815134,-0.6519560940167145
0.26624075875499026,-0.6542836816770785
0.2639214479502976,-0.6573695982156049
0.2585186100687622,-0.6644964791255716
0.2555754096331951,-0.6683434522330853
0.25026288110753375,-0.6752262360360919
0.24598937358090597,-0.6807076192795425
0.24513676692520373,-0.6817954662162499
0.2428260053577755,-0.6847343580286392
0.275267301247452,-0.6421153893020254
0.2725104653898978,-0.6458590449844575
0.2704854371115727,-0.6485934896590391
0.2682971110929203,-0.6515339865958375
0.26454737911154924,-0.656538370086832
0.2613743027029928,-0.6607401730209497
0.2611539425617006,-0.6610308724737811
0.2577774998247427,-0.6654674788214652
0.29656089533851887,-0.6123251990075509
0.2959155765151716,-0.6132521917305751
0.29028864022263107,-0.6212686451752446
0.2864636997459458,-0.6266514722414867
0.2812218275453667,-0.633944348955241
0.3216670938975864,-0.5749309661022816
0.31934346828716914,-0.5785080451149849
0.31333388377303606,-0.5876443187590608
0.30702073332714347,-0.5970705717394866
0.34597743457740915,-0.535864346666221
0.3428046360713396,-0.5411458199801213
0.33841458887303044,-0.5483582483337746
0.37240535808125486,-0.489347441609183
0.3649603296391194,-0.5029445541997855
0.360397615548539,-0.511076596946088
0.3543072061884336,-0.521708711944745
0.38176547328677524,-0.4716259009303363
0.37391444687726816,-0.48653916490612836
0.36747429162728057,-0.49839991041316467
0.4000489366633621,-0.43467464932517375
0.3924787200329159,-0.4503828490089775
0.38427750440703623,-0.4667414517935926
0.41388438391278015,-0.40422176341769933
0.41045912227042364,-0.4119912625738845
0.4330164659945176,-0.3574400269793352
0.4266657589916965,-0.3736725163240714
0.41827483064327936,-0.39401799737534693
0.44544843251063293,-0.32312999323288805
0.4372981865873489,-0.3460333062966755
0.4574712713616094,-0.2857946449054789
0.4527224551117564,-0.3011253118401436
0.449761527429975,-0.31028158483432045
0.4667901185591464,-0.2528865576480983
0.4620409336815855,-0.27018049960568213
0.45916795567076873,-0.28010348035606547
0.4757579292726936,-0.21634121894107328
0.4725310269906193,-0.2301827269573372
0.48537693917421393,-0.16826041899846345
0.4826130322323573,-0.18340002173858339
0.4921307889011988,-0.12355455468590748
0.49062983971090285,-0.13479407836464352
0.49669257584184734,-0.0801549256600469
0.4960961013075683,-0.08707556046450737
0.49526450972083796,-0.09589063083355343
0.49526450972083796,-0.09589063083355343
0.4990375237658072,-0.0432544581990747
0.49997169957120796,0.00741809612471056
0.49998459846093013,0.005472412668906745
0.49999468553862303,0.0032146008504556622
0.49874870940149274,0.04931697102940946
0.49871869762651927,0.049904670299899534
0.49858115515098933,0.05251386579958339
0.4984852087928442,0.0542596212977704
0.4949102907954262,0.09940711982109063
0.4944573641518947,0.10372899489930254
0.4900122854421894,0.1391524832538502
0.48915583588030026,0.14497774142085396
0.48827133863413275,0.15075480253369888
0.48233352973603666,0.18486072081741178
0.47866452464446,0.2030433902080946
0.47563708151365125,0.21687598365842864
0.46808564537005243,0.24795110927788966
0.4648690396129823,0.26002628883192913
0.45779384987852484,0.2847217972113758
0.45157205031886516,0.30471726451576053
0.4452295539609281,0.323767626346966
0.4367142514186391,0.3476125593136288
0.42901662341974045,0.3677536089911275
0.41768736182235644,0.3953999536858932
0.40458311417709,0.4249584562739246
0.4093245846391946,0.4145296404066836
0.4009747588614535,0.4327102495477364
0.3926870389551556,0.4499587036402817
0.381787125011305,0.4715840421258737
0.38783484673454177,0.45972531174431674
0.3807778974494281,0.47353076516905257
0.37659374001427887,0.4815079080065301
0.34250141654957544,0.5416474972769953
0.33485565687706265,0.5541268816456046
0.33176732210572907,0.5590778134999457
0.3224567009097094,0.5737096133419655
0.3168368228466591,0.582338760847078
0.31040494123390605,0.5920388708585604
0.34012781537733205,0.5455564958443253
0.3366269663254679,0.5512643850574852
0.3263133681477653,0.5677010130413391
0.31916827798917397,0.5787767165821551
0.3153671353067766,0.5845714489940514
0.30852741178122084,0.5948364147963818
0.3425700630534497,0.5415339678101241
0.3377658651366283,0.5494149029350757
0.32992904584021804,0.5620011697705802
0.32266056266534343,0.573393800306258
0.3127111284059535,0.5885818305593828
0.34811871257560156,0.5322662463695707
0.344076973446477,0.5390349418742928
0.3356269602833374,0.5528825053977096
0.3307682468748727,0.5606687705730657
0.3643554794637343,0.5040310875467806
0.3621003559578629,0.5080590220361583
0.35067099077113334,0.5279410979626344
0.34592061062733787,0.5359594570948503
0.37909542266183827,0.47675638461730707
0.3689879411529203,0.4956409302564839
0.4004518335116166,0.43382099295342713
0.3915975053568592,0.4521721539304797
0.3842028610140367,0.4668874126142748
0.41404038227065126,0.40386402268160126
0.4052990792052247,0.4234017703609585
0.4004440562992671,0.4338374888248451
0.42600237365554494,0.37532454833562956
0.4236358572467661,0.38115490837678645
0.4425273618387212,0.33153243300792745
0.4425273618387212,0.33153243300792745
0.4304437208230667,0.36410989641605207
0.45254685245271126,0.3016765179713927
0.4456080615141913,0.3226641216899022
0.4439326536559027,0.3275187104737751
0.4439326536559027,0.3275187104737751
0.45880133320096866,0.2813434497288343
0.47471576951432676,0.22090914326631328
0.4725458120796465,0.23012126289619594
0.46932502593772546,0.24313229589906005
0.48310392304974414,0.18080544776281027
0.4819756634749006,0.18671393173394835
0.4914855332631384,0.12850814768429397
0.4900118506655707,0.13915550306774183
0.4893101134401283,0.1439460233226415
0.4957942766582216,0.0903749368707949
0.49515304170275637,0.09701104882812461
0.49895292818309206,0.04511476152568639
0.4988143715089912,0.04800603507722245
0.4984901355052043,0.05417135182976596
0.49999863712652165,0.001627891486960742
0.49999863712652165,0.001627891486960742
0.49911280576915856,-0.04152886516490373
0.4991003556427115,-0.04181916323956858
0.4990558341061829,-0.04284115791549259
0.4964238549010401,-0.08334424090134818
0.49614659748839784,-0.08651121973278109
0.49544701795794105,-0.09402717017161188
0.49101004628789013,-0.1320384147070437
0.49013900577101666,-0.13826948206240086
0.4842997503560304,-0.17432019554553613
0.4816697668895121,-0.18828325777870192
0.4761145955043739,-0.21475494808528395
0.4728476179869746,-0.22886288379771869
0.4691839794465853,-0.24368567447368972
0.4636271515873315,-0.26453525170762826
0.45847939130315296,-0.282427604481281
0.44937192520663954,-0.3114652399929383
0.44252373513907883,-0.33154272456308553
0.4388161726833826,-0.34189140452294153
0.42918006075046866,-0.3673382886365202
0.42166607784801197,-0.3859352093250089
0.4196835728665601,-0.3906824162915311
0.4091271261842582,-0.414969690346931
0.40340573390746726,-0.4275048249841221
0.4063639335450514,-0.421074808016236
0.4063639335450514,-0.421074808016236
0.3939822496695942,-0.447311592244494
0.3936935530380061,-0.4479031238850677
0.38865764994584934,-0.45808544274031415
0.3812035687225848,-0.47271077037507714
0.37320670853495025,-0.48785846204959127
0.3636250112711218,-0.5053397643938184
0.37824930227566256,-0.4783693633735191
0.36892924899970214,-0.49574823266763
0.35990202226420437,-0.5119511059122319
0.3498144698932392,-0.529397050868148
0.36888493308422515,-0.49582923477541985
0.36609885592499164,-0.5008921283597934
0.35152245705341684,-0.5264892063967359
0.3469702335403725,-0.5341995192963939
0.33494240676068215,-0.5539870834361407
0.3261439452878109,-0.5679664948284024
0.31376449900568576,-0.5869950595113916
0.31200021523210564,-0.5896499773148511
0.30637775932683775,-0.5980210979046854
0.30085998252861446,-0.6061083700343946
0.29759364300307095,-0.6108383364579554
0.2906510611187334,-0.6207558626915857
0.2876613568426286,-0.6249716676446484
0.283047058442611,-0.6314157687197025
0.2784877174156412,-0.6377108666125246
0.2931091753520131,-0.6172651446550135
0.292490511447538,-0.6181458063593903
0.2896289081109147,-0.6222008561497012
0.28573088762752125,-0.6276767845224767
0.28236812996545935,-0.6323576563966262
0.279577938507786,-0.6362119924716162
0.27607218564357155,-0.6410177539523108
0.27369802031387164,-0.644249398081704
0.2706391123008006,-0.6483864317958281
0.2659185483227843,-0.6547133634064202
0.2645489156701914,-0.6565363281147614
0.2610325004432868,-0.6611910184530654
0.2591932390209531,-0.6636112153349705
0.30014756754354355,-0.607143594228271
0.2985894539624411,-0.6094007393061396
0.294408724434168,-0.6154105824573131
0.2907603828065975,-0.6206010910351965
0.29013505660517697,-0.6214858028123731
0.2912289859033156,-0.6199371711561752
0.2894979105222081,-0.6223857690306344
0.2858176058420896,-0.6275555519593236
0.3399752256201103,-0.5458067005301179
0.37836866507440414,-0.47814218835375455
0.3733996289083241,-0.487499236038364
0.36623824828488954,-0.5006401932311895
0.35974872405523894,-0.5122212695388251
0.3492619494313259,-0.5303338432124924
0.33926087900233115,-0.5469762970140126
0.33926087900233115,-0.5469762970140126
0.38336015113381283,-0.46853176395583906
0.376228222623497,-0.4821977566510053
0.36921989398436045,-0.49521661239792036
0.354604477152913,-0.5211954580185483
0.34685620446802906,-0.5343910346316025
0.3321567577228342,-0.5584562637993411
0.31830133845347863,-0.5801041619767398
0.3072769587495237,-0.5966913051097674
0.2981448525236391,-0.6100430625170624
0.28472235294757164,-0.6290847785554381
0.2743319388430304,-0.6433883132838116
0.26083981772082976,-0.6614450212380398
0.25359236523425205,-0.6709217164105643
0.2440433777804963,-0.6831877772468478
0.23861030440841544,-0.6900611863711459
0.22647698615277329,-0.7051530740183093
0.22647698615277329,-0.7051530740183093
0.21631520682604743,-0.7175374455830557
0.20695443392534427,-0.7287565304837522
0.19669865614510848,-0.7408568964002179
0.18212108310629466,-0.7577457696785413
0.17843214392064774,-0.7619669903535642
0.17157682848468847,-0.7697599787657007
0.16958503650508117,-0.7720122652542001
0.1680038139177676,-0.7737966209673054
0.16555480687696827,-0.7765540052749855
0.16326117569646434,-0.779129770456298
0.15734929324245994,-0.7857405608171513
0.1571769010362117,-0.7859327470869003
0.15539696736378275,-0.787915190846842
0.1488212566482345,-0.7952110221344927
0.1479474772654141,-0.7961773551531826
0.14738956288870333,-0.7967940008258061
0.14378191003770993,-0.8007748061154822
0.14491968135869637,-0.7995205621309949
0.14349258711762924,-0.8010935740522591
0.14378676972366367,-0.8007694512560801
0.14391485355739764,-0.8006283093486313
0.1440190686119033,-0.8005134595391598
0.14354025199256357,-0.8010410629867655
0.1413630401655728,-0.8034377550604989
0.13909961738097376,-0.8059254172372168
0.1387926804294786,-0.8062624667481124
0.13550862747841033,-0.8098645206253213
0.13403539865712044,-0.8114780413349084
0.1344913950256542,-0.8109787709229829
0.1335697489564562,-0.8119877459978706
0.1335548761921991,-0.8120040236424793
0.13328937282919961,-0.8122945834421862
0.13347846985040254,-0.8120876451633159
0.13320008567700403,-0.8123922871779781
0.13242143722752903,-0.8132441292724832
0.1314394876571896,-0.8143178702093424
0.13019370250953505,-0.8156793175433874
0.12500914791193254,-0.8213366445829551
0.1259804924976377,-0.8202776904537776
0.12647344119811513,-0.8197401208968681
0.12530103482805216,-0.8210184741641177
0.12571920858220095,-0.8205625811465308
0.12613336287425564,-0.8201109942599671
0.12731627276798885,-0.818820738105521
0.1275000240222557,-0.8186202527913519
0.12471589992102466,-0.8216562623322012
0.12349848325753611,-0.8229827771972092
0.12161478200999115,-0.8250341739513007
0.12098381356478195,-0.8257210368769606
0.11994309633399272,-0.8268536686789844
0.11637040604764326,-0.8307396409718997
0.11617246044389241,-0.8309548580269933
0.1162942632277205,-0.8308224284361282
0.11262930055128509,-0.834806090480733
0.10514952893090361,-0.8429340333905084
0.09926931754510414,-0.8493287648030613
0.10162812856581313,-0.8467625136690642
0.10238650677267118,-0.8459377776658893
0.10314681143282989,-0.8451110837489866
0.10316264949127774,-0.8450938640707408
0.10353204525365647,-0.844692259029135
0.10368158167182116,-0.8445296916057806
0.10152910571303304,-0.8468702118827907
0.1018213489040109,-0.846552372798944
0.10249224840510177,-0.8458227948864216
0.10362638589811272,-0.8445896967815655
0.10490192544015149,-0.8432031539581525
0.1056005032376947,-0.8424438907806069
0.10483182485562705,-0.8432793480273453
0.10483182485562705,-0.8432793480273453
0.09767084977113519,-0.8510688903768805
0.0973803483467946,-0.8513852452568355
0.09856787700106104,-0.850092247645605
0.10203172547287953,-0.8463235842390161
0.10581796307241667,-0.8422075533810234
0.10758961821188738,-0.8402822821214568
0.1099908563480044,-0.8376731134024903
0.11263828841867336,-0.8347963231583112
0.11316587222361896,-0.8342229717216274
0.11486587681784653,-0.8323752647432587
0.11608645517063464,-0.8310483651773967
0.11788285385800489,-0.8290949527379166
0.11699712262957675,-0.8300581885023812
0.11697939326418436,-0.8300774674469805
0.11267482982793725,-0.8347566126894499
0.11233366999897171,-0.8351273549309549
0.11361650704519516,-0.8337332206856428
0.10817679154514255,-0.8396442477795066
0.10295493571669333,-0.8453197018206887
0.10150652691557517,-0.8468947691686027
0.10049018307388635,-0.8480003195384955
0.10233537605887974,-0.8459933778290587
0.10269042908109846,-0.8456073014833811
0.10165840532361566,-0.8467295848937636
0.10569030763834894,-0.8423462898046199
