X Position,Y Position,Linear Velocity,Angular Velocity
0.5314154429954172,-0.013134101858147673,0.03394092910723399,-0.011550375665410487
0.5331872017764372,-0.013169461997152965,0.07441915042434809,-0.011112800049970069
0.5386282358467316,-0.013186464669926679,0.11321539847823438,-0.010590342678580845
0.5422071481314319,-0.013164805508971256,0.1489766974009261,-0.009929394024717753
0.5538814137366668,-0.013190758754799248,0.1861470784161683,-0.009820721123544056
0.5630217163782731,-0.01330234979991296,0.2168686834441369,-0.008958873962770309
0.5798483203041354,-0.013458870780699073,0.2495831332958103,-0.00843117738334075
0.5895488986102961,-0.013495511918149461,0.27614820413904195,-0.007759284499673348
0.6114077654982246,-0.01363029316294373,0.26838843136258633,-0.007732216253656105
0.6257639293180652,-0.01379171368555987,0.2509020552940881,-0.007656485799434731
0.6378437707386073,-0.013927795524837805,0.27943107316816657,-0.007352346768425901
0.6549827848157044,-0.014146068777105114,0.2697631094188521,-0.007400919166798549
0.6711969037048267,-0.014371653470446333,0.25606723808100057,-0.006845045467442539
0.6877949251980677,-0.014590076760319093,0.24309723419951534,-0.006694578837585995
0.7048720848956158,-0.015212827256183559,0.26983395427094886,-0.006541633771600632
0.7173482930988886,-0.01562296219647763,0.25618320446474,-0.005709425865767727
0.7123150272778496,-0.03992831437693489,0.2462047982346023,-0.005317943497234924
0.7092622053917417,-0.057010715473802875,0.2490919339707486,0.022424215210179056
0.7174084433815349,-0.057264977637714765,0.2493941119927038,0.04156795615207688
0.740139412032967,-0.058023470961229506,0.24289013412705138,0.04121099315522662
0.7475507035350262,-0.05819577874061288,0.26504131192091523,0.04051324576295525
0.7644697338252744,-0.05862323400270952,0.2592027092995597,0.03979023479118451
0.7844891848061444,-0.059112618462517474,0.24571329242122586,0.03899336864174105
0.7952574350280273,-0.05937969973496493,0.270180775704386,0.036586865157647155
0.8146521305228358,-0.05976671954689117,0.26157478029000886,0.03623092917363027
0.8283326507895854,-0.06000174019336235,0.24614049022081752,0.035192289920449746
0.8400853397514485,-0.06007528058646727,0.27595688027308257,0.029175665225949998
0.8549291252145359,-0.05975158441282069,0.2666867013388008,0.027882443435668248
0.8721663913094702,-0.05982003768022892,0.2549696280141122,0.026150701435718737
0.8884116688829309,-0.05998448765160447,0.24122746968905975,0.025376202289010347
0.9049864499460849,-0.06010642006729938,0.269000988164858,0.01280823253857217
0.9214772600409464,-0.06020967089272489,0.25575516319249336,0.012412014668656306
0.9345008636492373,-0.060240241291962704,0.24255465045793642,0.012360851516895229
0.9518548625216301,-0.06033870255656382,0.2722603241278834,-0.012994190095662606
0.967969701733514,-0.06047927764360139,0.2583698931776823,-0.012933548971726098
0.9832086051236821,-0.0606735077597822,0.24549899764588495,-0.012417563505494868
0.9942308666530852,-0.060826482204493715,0.2721047813110472,-0.03667890444994918
1.012220029212271,-0.06098598221954532,0.2633483740878914,-0.03599580387748578
1.0273229823850176,-0.06103843966774036,0.24896776503123252,-0.035454570988640154
1.0437182020527977,-0.06122148104674885,0.23686123782896104,-0.03522178283592686
1.0586570551128425,-0.0614287731185037,0.26310022041093084,-0.04608125345561881
1.073129136027804,-0.06158524680768451,0.2511861332918383,-0.045418309284516324
1.088257519410547,-0.061861759491405266,0.23966378326021245,-0.04472554566462496
1.102465954806151,-0.06218121234737062,0.26761060349319465,-0.04882384865058378
1.0887019362788628,-0.10360101103839092,0.25634666700825326,-0.04788402575688669
1.0821399212238045,-0.12591000481237913,0.2692535807073997,-0.005006549499939902
1.0988181854496215,-0.1370313916333572,0.27356966522899184,0.018278369756984273
1.1106616479160145,-0.13745315078698006,0.2593683511550379,0.028474742449701135
1.1289324393038456,-0.1379855796767977,0.24990260132768818,0.02813837111689852
1.1440715233732774,-0.13839006148125854,0.27556992945675063,0.02618910086341213
1.1610678162506503,-0.13883174546512578,0.2634888194385233,0.025606955288860107
1.178196321634049,-0.13926234095557355,0.24989758365417117,0.025183641440093336
1.1933611031454205,-0.13964873148624157,0.27635719754138166,0.02442302114788212
1.2087137337607157,-0.14001609961346695,0.26422690655802517,0.024113500623001324
1.2262794747299033,-0.14038303386980466,0.2519628124943859,0.023655211439751956
1.2419625127109413,-0.14067288409457568,0.27799589695468585,0.02363415615584751
1.2558119586481507,-0.14083567029502397,0.2654639139400572,0.02319618318988423
1.274740552878658,-0.14112637225970204,0.2544348284681725,0.022447623478001354
1.2880037373345061,-0.14134199134714365,0.2392929747478839,0.02206179900155111
1.2985238972288204,-0.14149692313954176,0.2687595826035621,0.022204762085260912
1.3184933597138784,-0.14188666716172094,0.2603566159526681,0.02189217367163633
1.3360304895443598,-0.14208166297367697,0.24433688960997763,0.021960449632125876
1.3535125264166972,-0.14225647938440744,0.27040841656509584,0.021773662108909207
1.3660747012685608,-0.1424256273298976,0.2564379897117884,0.021312842841089353
1.3823861519272373,-0.14258694100433367,0.24638016275741018,0.02117802143301458
1.3921378741004844,-0.14266054224300007,0.27340801121579156,0.021155599481181626
1.403559661684099,-0.1427645237177888,0.26560988126149165,0.020956411661281246
1.4225012483981079,-0.14291665356113015,0.25646856886804337,0.02080528907230459
1.4388634259052608,-0.142939592818637,0.24130869582895756,0.02053961498776962
1.4532050473014024,-0.1430183254192059,0.2683178072404195,0.02016473768382529
1.4698056228715934,-0.14306979564075029,0.2568512243044795,0.019867110765061452
1.4868173347598166,-0.14314397470575813,0.2435753768583658,0.019537556713599784
1.4845996004965905,-0.15382887595870898,0.2700492850175097,0.01914987907489629
1.4829938408590788,-0.16635882351138953,0.2712597257647248,0.029234881812944737
1.499648829064121,-0.16726136689464077,0.2717047917606685,0.04065666603695185
1.5085417650650577,-0.167219733542046,0.25834970519477823,0.040793752543305445
1.5312488863563694,-0.1671807526274982,0.2512480790864487,0.04044864909464762
1.5457442765180822,-0.16709443583131645,0.273512120559833,0.0386238716332842
1.5603845753295857,-0.16693815725318473,0.26190474272336045,0.03828969756910305
1.5744598909420766,-0.1668117304581962,0.2502195619921555,0.03770715063028205
1.591023737407962,-0.16662107372432367,0.23899442220491132,0.03711873274656443
1.6024422518840602,-0.1665412820637222,0.26614010998045107,0.03494031614256877
1.6199854022314906,-0.16631727919504335,0.25695843441619565,0.03495617433551576
1.632716925943102,-0.1661009285201427,0.24295435850881109,0.034319841610040494
1.6476089464572041,-0.16586006849819057,0.2732439226593061,0.030568985249193166
1.6602647584437378,-0.16557756852239613,0.261346706996164,0.030134698900030968
1.6775293886534577,-0.16521663884336846,0.2512450735714078,0.02966130325479798
1.692782113746789,-0.16485532059824415,0.2778140651257296,0.024095156397438717
1.708106790225811,-0.16456171245468632,0.26564335109173054,0.023514346192664244
1.7239009638381084,-0.1641427746956836,0.25334332912585056,0.023605578261392753
1.7413720903476868,-0.1637187053179705,0.2407220764910533,0.023141695230821963
1.7540114446033161,-0.1634772910951554,0.26707562878236907,0.013102715195213398
1.7668704996744395,-0.1631978173220272,0.256932729582231,0.013480696939458926
1.7822278676941181,-0.16279557242878617,0.24664150105834048,0.013396557797216033
1.797492229289471,-0.1624954908443268,0.27418951808825226,-0.00476969914105911
1.8150572020293474,-0.1620353961702854,0.26198156821632596,-0.004408752093935388
1.827433405840253,-0.16175702085344312,0.2479305281244797,-0.004084883996083446
1.8471375155902372,-0.16123550723573743,0.2776659568307179,-0.013454496031311314
1.8614284859791592,-0.16094259924251553,0.2618770544117633,-0.013588093091447357
1.877641342774206,-0.16055085496627441,0.25048135247865866,-0.012819543972093526
1.8850815859640537,-0.16353235871289584,0.2772640379856799,-0.018001171145545804
1.8926135907258086,-0.16612618416976765,0.2714591918665335,-0.015145887946251357
1.908899562184848,-0.16651548742215816,0.26552821567630797,-0.013038836739956773
1.9255427870341144,-0.16614451669500951,0.2525127921086029,-0.012457545521787926
1.9403122120461163,-0.16592767510459971,0.2791251768300031,-0.014700500396609927
1.9493132639446227,-0.16573240459280214,0.2672992396834987,-0.014621326665540668
1.9724380477532666,-0.16546332495746263,0.26010994547361627,-0.014331011739196197
1.9892106392944182,-0.16520508120758315,0.24168982427896005,-0.012824496627593614
2.005950095015532,-0.16501542891645649,0.2682437685705425,-0.014204414436709068
2.0227401581557487,-0.16472821411345784,0.2548734486087805,-0.013668576105222728
2.031594773537053,-0.16458803785873855,0.24143300997181177,-0.013597375475651319
2.051834348619103,-0.16431774700393298,0.2743403884076949,-0.0146426078384338
2.0699083705106744,-0.16407150368760348,0.2581627913017098,-0.014201823199690364
2.0855772829635377,-0.16386679116973113,0.24370135321983877,-0.014024553525143478
2.100157993967967,-0.16373884318891818,0.27116923116683445,-0.014710189221097084
2.1201812696851174,-0.16352800703186965,0.25953751443708684,-0.014060613783087542
2.1346860407987993,-0.16337968978309192,0.24353403869295281,-0.013631820839186723
2.1489731786110404,-0.16329533826051268,0.27194970671405383,-0.01396435752863451
2.1627539393619077,-0.16324931607282167,0.2605155365224618,-0.013870278636577714
2.179668307196808,-0.16318984607218212,0.2495066811800172,-0.013471271097359367
2.196319963120402,-0.16309900757154772,0.2760132963819897,-0.013361751396149483
2.213539798610382,-0.1629249393572305,0.2627017826240536,-0.013049887861846275
2.225821126084991,-0.16282033905580384,0.24892428420327278,-0.012952450295016212
2.244018492630971,-0.16271853761912247,0.27912587850100157,-0.013013476698045222
2.2547898036519243,-0.16264372144947714,0.2645651771388115,-0.012914347074888012
2.2744871459528753,-0.1625708610243386,0.25594842776798526,-0.012829585293532227
2.289691003510381,-0.1625730568989372,0.24019637252169232,-0.012564544593622287
2.306177096040665,-0.1625809162158003,0.2680653637509978,-0.012407966825734296
2.317201482510221,-0.16286847488140843,0.25487691364562637,-0.012243904333479015
2.3334860018249532,-0.16333699654303402,0.24610915998930957,-0.011133079726532396
2.3491821005257627,-0.16344458390344307,0.2731478893750119,-0.00978085190978401
2.3666688811817114,-0.16351646410559084,0.2605995542663168,-0.009469022534296436
2.3801098908426557,-0.16355954718980392,0.24662638558438735,-0.009018612823775753
2.394329236218848,-0.1636965293029533,0.2758978739729339,-0.008499410498512524
2.4040440988796625,-0.16376457662707544,0.26453139294622413,-0.008165883534929317
2.425594505289796,-0.16379124018433622,0.2567554738436086,-0.008212737549446202
2.4330217940783765,-0.1638611851669598,0.2795303093111615,-0.007805966557145881
2.4544976157642253,-0.16404006446202324,0.27359772474850513,-0.007499155374890662
2.47369215011069,-0.1642544292654442,0.25642967650461407,-0.007040639127289394
2.489631178448489,-0.1643340884111666,0.2410835767601299,-0.006654427871158022
2.501771276111107,-0.16445460519975086,0.2683408034293334,-0.006194861104720186
2.5140317090502737,-0.16460108868943557,0.2586301673433526,-0.006097920981486092
2.5326571317121136,-0.16482414041239046,0.24882559711458152,-0.005905955698821057
2.5438415279476327,-0.1650097971291924,0.27393888076315215,-0.004982452541067582
2.564727890685747,-0.16534276164409611,0.2649953391535591,-0.004710266406500053
2.5785161176125087,-0.16558858651922215,0.24827792388397188,-0.0048880412970631875
2.596513791678003,-0.16590923025149706,0.2772621374833766,-0.003534119086039896
2.611495289800324,-0.16604531679271872,0.2628643212747516,-0.0033229574657411606
2.626621208252441,-0.16619381803489652,0.2508788123207194,-0.0033639378402346982
2.6420939399275696,-0.16635802370472597,0.27877838065117005,-0.00258222695368828
2.6598500547919937,-0.16658841530303548,0.2663983272543995,-0.002727317172492152
2.674345613641872,-0.16691239160269689,0.2521919790813219,-0.0027643966940329645
2.685543751910787,-0.16707639940617725,0.24059263810497059,-0.0027078621558430933
2.706787726713099,-0.16752201831808122,0.2716330361826819,-0.001792119117115375
2.7230147674784817,-0.16784467785013923,0.25463763229024466,-0.0012776689981032932
2.7297005144447155,-0.16796339835897278,0.24165418700777835,-0.0011394490781887704
2.7496105899158376,-0.16999340410815122,0.276298575991891,-3.891249764147006e-05
2.757256279195836,-0.1707531357518448,0.2603439830029176,4.421651440531265e-05
2.7764179815888284,-0.17147100479907884,0.254219248840773,-0.00018172906912812737
2.786622412345073,-0.171572310148699,0.2788813760151455,0.0002852656917919576
2.7998627249778423,-0.1717090234123262,0.2707172629364256,0.0003864702069843233
2.81774198510295,-0.17182937513636531,0.260124286360939,0.0004575818020447998
2.836632017690178,-0.17197116629900222,0.24582084429968504,0.00034601869180062
2.8494540680331504,-0.17208492643369055,0.27070482028166676,0.000935789930226069
2.864600482609246,-0.1722873260580382,0.26044635227761104,0.001007513718645746
2.881816535967239,-0.17244055661856272,0.24832709382549098,0.0011922131382277163
2.8984557941395774,-0.17265253019956894,0.27455034956090857,0.0015664879256950775
2.91163561079267,-0.1728572227135725,0.26123601999244384,0.0017796001468421475
2.929777345509857,-0.17302641009139919,0.25069035804456435,0.0018437695915856944
2.94301261031168,-0.1731462713457752,0.27617257554981994,0.0022496649951794256
2.953246697746927,-0.1731922071715548,0.2655833556819423,0.0022650962703481274
2.9728890886741652,-0.1733168017668998,0.2573981918448033,0.002023432164360231
2.986866934208514,-0.17345361077269317,0.2416830411755617,0.002047957216875667
3.001123662425841,-0.17364330156340735,0.2704933096802138,0.0027306286601877228
3.020060234332516,-0.1739690339203861,0.25908539478586207,0.002818236756048521
3.030574940347358,-0.17413164770580636,0.24393390398683007,0.0028275012926484194
3.0461271901402496,-0.17429393192434084,0.2755136334744514,0.003531215731189673
3.062485550642476,-0.1743463786709487,0.2630733999687493,0.003339470426460421
3.080493274149391,-0.1744943611420915,0.2499900993818152,0.003041501381212327
3.0948036517392596,-0.17459521213738682,0.2755742509708701,0.003775544445028841
3.1118488900531664,-0.17474342293080625,0.2641303796619037,0.003434159132058786
3.1293744081436854,-0.17492403993677108,0.2504957913635713,0.003242363515877728
3.1432552705832215,-0.17493912357778996,0.27646508497360167,0.0040020845742041716
3.1587313390722436,-0.17424132417865223,0.26537917507318104,0.0027540909659330014
3.173994442274659,-0.17319637909524666,0.2530112169289399,0.0015547632011835553
3.1865876133854023,-0.17242735511946528,0.24081001880505132,0.00039703852842137854
3.203425516785324,-0.17255095961861677,0.2707393130571264,0.0001904511603162646
3.222014218571922,-0.17264661753795885,0.2572685570602011,0.0002508517100046695
3.2333217356662924,-0.17270945294911755,0.24239752226458317,0.00017502867120672532
3.2495454254948983,-0.1729302749477455,0.2733498751247639,0.0004834176040032905
3.261455307600394,-0.17297930417800877,0.2603699506003292,0.0005115392040141253
3.279727102942421,-0.17299793984553702,0.2508421013291854,0.0004561092821232027
3.2926168941454206,-0.17298613295469956,0.2762232610678309,0.0007692166521931307
3.3110519121699804,-0.17311391664107134,0.2659127147812147,0.0003651743772601852
3.324470791306152,-0.17323379939342054,0.25116422070136096,0.0004213348019533831
3.343349135793156,-0.1733330378774287,0.24042855309963182,0.0004889834020583105
3.356741336953193,-0.17348002927646178,0.2653243390403733,0.0007554028562773892
3.3684462851322046,-0.1736461366240416,0.2546083120162822,0.0011274542756231074
3.386737369028796,-0.1738587096799069,0.2452412088196511,0.0014944735717282566
3.4041276311860242,-0.174017532224628,0.2706038701721025,0.0019990361626235627
3.4174805589221835,-0.17410383252966533,0.25669070237423364,0.0020099781307771603
3.4320716527691406,-0.17420916790450391,0.24600797646195283,0.001989599371618453
3.4455961558618364,-0.17429115310247134,0.27433209658851415,0.0023596458463183683
3.4564311518699737,-0.1744027176521996,0.26351214669042006,0.0023328849538631984
3.472818525608087,-0.17450961474393978,0.2548429522426953,0.0023824007774742575
3.4923528447576144,-0.17400042841139118,0.24173353295009706,0.002270213546769647
3.506195638198652,-0.17391843498362647,0.26611581568618015,0.0014109681494301857
3.517454977631636,-0.17398292601362364,0.25504372736254477,0.0010763221337725102
3.525291009411915,-0.1740233304350678,0.24603556852337402,0.0011553414231341799
3.545734698084381,-0.17406915481297247,0.279766137387294,0.0012930730900335805
3.5658821413548747,-0.1741720627554013,0.26341117979556206,0.0012494735187534084
3.581048222071744,-0.17435757416788178,0.24729189132853305,0.0013846167864973965
3.597530036383435,-0.1758803249283396,0.27515630207407477,0.0017693157858285956
3.61331265654413,-0.17720156454555713,0.2619363848148625,0.004157213778563651
3.627696497667147,-0.17737530668693147,0.24925980839004358,0.006178469140771679
3.643869242892391,-0.17754345051580245,0.27774786444665744,0.006691109291779228
3.662639432166187,-0.17779044416743872,0.2648108213392413,0.006538687335423211
3.6769136293014624,-0.1779378938520857,0.2497891535686359,0.0065823694471387395
3.6875913165036103,-0.1780098256168241,0.27836729790637843,0.007024740155143932
3.708182741774756,-0.17823399561905795,0.2698304165774632,0.00677924112314521
3.724137943010815,-0.1783436899080968,0.2533426941646595,0.0070643473905962605
3.7357022425502215,-0.17841341117981813,0.24058122369716026,0.006856007907498411
3.7536106329156853,-0.1786541396820578,0.2713262029366866,0.007351829453182249
3.769208709898014,-0.17886590468797614,0.2569877912485045,0.007553513421276446
3.781360490005458,-0.17898419884743078,0.24450307989449893,0.007602403944483686
3.7972262752890975,-0.17923272658716627,0.27478611519091894,0.00791035384004443
3.8115740475881275,-0.1794418252690395,0.2620876416682882,0.00796669461564556
3.8249610038591975,-0.17962397221823423,0.25059768124554754,0.008160293348925452
3.8454825630890923,-0.17985289619763023,0.23988313213968593,0.008177015380225116
3.8600999836709944,-0.18013215976275276,0.26347083733627,0.008451471126558916
3.871671139259438,-0.1802577167094057,0.25174693347474975,0.00905383212619187
3.885201687978368,-0.1803585916797914,0.24249370671129192,0.008871042423799965
3.9003763673134744,-0.1804981154463139,0.27167378043524776,0.009225654355271487
3.9107683712366246,-0.1805127390675949,0.259524863887728,0.009296967325801231
3.9311644104444143,-0.18069060779611412,0.2512169482224404,0.009055275635287633
3.945164284254272,-0.18083955679911057,0.27490741102855687,0.009281838529914915
3.9593722693314524,-0.18081980621830773,0.2637114649587688,0.009084855221786533
3.9775867249129186,-0.180864971855641,0.25235848940312217,0.008620223858266258
3.9917300615518796,-0.1809315413476753,0.27779095691582634,0.008865515932051126
3.9994859992800524,-0.18098893049978493,0.2664761837616911,0.008748424116802557
4.024839454409876,-0.1831383644188893,0.2602681017472923,0.008767078176390627
4.044462329049793,-0.1852704378221972,0.2399124155569456,0.010715900670625365
4.056518551740571,-0.185715381803508,0.2641124483844357,0.013592111641099943
4.068552240060109,-0.18578986033430311,0.25443129324019176,0.014107133876903785
4.084540469024308,-0.18586966114643388,0.24483688261120232,0.01349087574015306
4.101962641678577,-0.1860351081602456,0.27208835073272647,0.013367845515764554
4.116493289604247,-0.18611421233667613,0.2581360239497449,0.013427182384690496
4.130290619575785,-0.18616623988972414,0.2465196956907728,0.013139372761082482
4.145421400950718,-0.18624211445344407,0.2755087851565209,0.013213853874840148
4.158714137937965,-0.18628612440523895,0.26341221718650043,0.012931168038492202
4.179681428128175,-0.1862959516140439,0.252779733633137,0.012761135674299044
4.193041294951295,-0.1863344017130455,0.2760322632699375,0.012675508336347072
4.208990084725553,-0.18631932989479694,0.2653489367078697,0.012468585407145311
4.224658157822064,-0.18634747981773714,0.2525984632528399,0.01214645244721968
4.23889035777409,-0.1862797186133971,0.2400622954469579,0.012015212203870737
4.256544002149048,-0.18628101208952685,0.26870929526847953,0.011804356097553847
4.268176070189543,-0.186312455905707,0.25457016234472124,0.011909772692129655
4.282243680468327,-0.18629649942679194,0.24527521167096125,0.01162927004846578
4.302592532055024,-0.18629622934582812,0.27404314040106265,0.011573945384605232
4.312011849638427,-0.18628741152654626,0.257770306502083,0.011281686753178354
4.3332278179117685,-0.18623877750467166,0.25023759408885404,0.01114686943280359
4.34292955575228,-0.18621905371980674,0.27329486557767396,0.010790029932128622
4.361765293994023,-0.18616479517261908,0.26553251597458216,0.010728088784935695
4.373013393296566,-0.18607678417199836,0.25045339782164905,0.010754262717602008
4.391536013105069,-0.18595087674165534,0.241457955439047,0.01056487080610432
4.406617709302247,-0.18599624731261244,0.2666707089414987,0.010128991073634866
4.42020502242971,-0.1859213721744304,0.25458048803510996,0.010538887569700152
4.437414041400616,-0.18590414075214134,0.24370756047276856,0.010452933467713603
4.44505242842018,-0.18557681880050225,0.2699670700021725,0.01015504678564954
4.470657448337776,-0.18412803309092496,0.2638727363200033,0.009584605150516963
4.486110892250757,-0.18386447701706565,0.24346334077922246,0.006811929609706047
4.501426181844196,-0.18369023479403168,0.2711157832997237,0.006174541748073635
4.517291117580643,-0.183552698190379,0.25885821292398337,0.006229669937231706
4.531171476953194,-0.18342924453542864,0.24616346848619317,0.006216773551233185
4.542578701736604,-0.1833074151921874,0.2750749527800351,0.0055731183676069685
4.563395126954055,-0.18296855243312748,0.2659430307617331,0.00572202600856652
4.576057056728069,-0.1828746153757983,0.24929686465176593,0.005232381853684554
4.5918150345981115,-0.18269896234317962,0.27917188335464926,0.004910860547792395
4.61049473598501,-0.1831419202498239,0.266570222784349,0.004592751535872551
4.625034434039876,-0.1830841306113289,0.2515890138464818,0.0063094199404129915
4.640653877050226,-0.18292706577250328,0.23995638504027805,0.006273715539841484
4.652173795194387,-0.18283767029987175,0.26748409394701866,0.005398138223676417
4.6650304814992065,-0.1828546775486739,0.25826268312604433,0.005542981352999834
4.6826920556081015,-0.1826962356884554,0.2479752517988101,0.005627233000771016
4.694261589203083,-0.18256383787400132,0.27386166925036853,0.004879250449897099
4.710621098182361,-0.18234354121582896,0.2645981940652636,0.005122385065487954
4.729550767769579,-0.18221555946176693,0.2515088110280146,0.0050410582804511755
4.745014323848899,-0.1820114834109443,0.2763719186182365,0.004622721680212619
4.761666588148209,-0.1818858639408525,0.263999239378282,0.004569858806226446
4.777123785885584,-0.18177577091035957,0.25067713967561117,0.004506748976807132
4.790975792430069,-0.1816535682045206,0.2783112889513891,0.004384342436769206
4.809226535156861,-0.181618810632159,0.2672338326020668,0.00410101930024726
4.824004263041109,-0.18154204110822292,0.25261927094987885,0.004732135440243018
4.8350721913178765,-0.1814462032062618,0.24079328753773835,0.004826600737179891
4.852089930184843,-0.18140041971651577,0.2719445315860282,0.004532381810341106
4.866204991880346,-0.18130345747077214,0.2583254171150601,0.004716820018100785
4.878782528670157,-0.18046698486059753,0.24703597110336872,0.004533297154486558
4.894146539753002,-0.17843144054880788,0.27697948173171283,0.00364815294080333
4.908646687792814,-0.17816233208869114,0.2646917256393053,0.0017008373943247805
4.926799239863375,-0.17812392644757225,0.2530910116637275,0.001540170346748895
4.941766181508646,-0.17803955364628088,0.27856851571363944,0.0014778696127112064
4.9517579801247775,-0.17804382482966297,0.2665948672571938,0.0014421071633481087
4.966114482770392,-0.17800527115471354,0.25859818090515835,0.0018658017372723756
4.98069345810224,-0.1779676183513761,0.24711143234427096,0.0020032623937881575
4.998936892446407,-0.177919848799986,0.27544942766295777,0.0018265903938330431
5.013265416008391,-0.1778699241766315,0.2608525330837167,0.002031679081776501
5.0273096400034225,-0.17780999223356986,0.24938655174462937,0.0022850945173033847
5.042856569263608,-0.17776867398493046,0.2781524310985571,0.0021520093889954703
5.0634960108459905,-0.1775197009182552,0.2657137820395338,0.0022236419874189497
5.078716343248558,-0.17743761999249763,0.2492052715385175,0.0017413135974518204
5.092153236102457,-0.17745111560085114,0.27702899687395627,0.001678127772911678
5.108648179730432,-0.1774325830744825,0.2662804711571448,0.0015633382928619847
5.121882274787736,-0.17735588447278872,0.25308348155054305,0.0016840169893385813
5.140169317540632,-0.17729360841707198,0.24249732034515747,0.0014950072929843946
5.155704540885868,-0.1772229704073638,0.2678680617433495,0.0013697314349269698
5.17162559729765,-0.17721128086031612,0.25543846271129617,0.0015226992904286316
5.179914939112214,-0.17720152996742655,0.24269971433297208,0.0017384637110006468
5.201752615159615,-0.17710595125911688,0.2760694451677426,0.0016000726997274296
5.211899238762117,-0.17705280917640032,0.2585998084903056,0.0014635901437701517
5.230703537503537,-0.17706157839164938,0.25048336896040696,0.0013029392055527405
5.247240243759663,-0.1770215957725192,0.2754397164321982,0.0013291547096454172
5.25980228139759,-0.1769202659968805,0.2622107106477483,0.0012470709115617773
5.278856740543996,-0.17680621600753632,0.252160937067574,0.0011961028589423251
5.2873523673803815,-0.17676990301501228,0.27691894087867125,0.0007052848310277149
5.3098503454472725,-0.1770582792857649,0.2701216931913948,0.0008805081662176395
5.320125211594548,-0.1772303442544736,0.2521266301921716,0.0002704337963582915
5.334870945747375,-0.17713750405632211,0.2439080591137066,-7.421211415274193e-05
5.350417655293713,-0.17698249456744009,0.2721087899304359,-0.0008096666557235225
5.3681779101237925,-0.17684620215615254,0.2596714041305006,-0.0006464859299813171
5.382380137921271,-0.17671042078059251,0.24546306095716683,-0.0005431966517492347
5.391687998460806,-0.1766493366962063,0.2740985946269976,-0.0010189503837037819
5.412040610041844,-0.17659738948009185,0.2666537657939419,-0.0005822462684350169
5.427843889506631,-0.17645040125796285,0.2503724861920208,-1.972283539712964e-05
5.444521711053318,-0.1763457642386328,0.27772834078515823,-0.0005449852533490894
5.458157312338971,-0.17613064261059996,0.26438534628200316,-0.0007010530315869828
5.475663025144442,-0.17598726180656676,0.25347470363613583,-0.001047851310407997
5.493143573882457,-0.1758169591744725,0.27946354284945607,-0.0019674391267844485
5.509280472319383,-0.17568172133493398,0.2654826871357375,-0.0014356929112058256
5.515087384047181,-0.17562815588437175,0.2525738000541277,-0.0012753005801088692
5.536759741310536,-0.17546597521573837,0.24792685918422172,-0.0014534047918295923
5.546471694882598,-0.17534447721240554,0.2705879537370047,-0.0016215988071363655
5.564729865570938,-0.17526822414887988,0.2628182042057226,-0.0016076104799746032
5.581284538434669,-0.17514860692954493,0.24821398301529082,-0.0012339463258747828
5.596600668854834,-0.17506796096312094,0.2749696085962803,-0.0013896736981788911
5.608604744580397,-0.17502079573328366,0.26271818521889867,-0.001108528309757483
5.624948871174015,-0.1748814945304371,0.25311583666183746,-0.0009061619495009762
5.640866057631369,-0.1747776991979979,0.24003869731052715,-0.0012143664835193295
5.6553484833709815,-0.1746446559355075,0.26730506838543994,-0.0012684843431258093
5.669910078603799,-0.17449913908833103,0.2557182013061494,-0.0013959995320746083
5.682505774701904,-0.1744615863513861,0.24407019132559343,-0.0012008811566443082
5.691235356564949,-0.17447657526422056,0.27399265111375865,-0.0014299858864733974
5.713929339856922,-0.1745571721058088,0.2670105891856475,-0.0011486772645023186
5.733158115435753,-0.17261297250465368,0.24885719327788547,-0.000709808291643431
5.743544185068415,-0.17157243940748934,0.27347086268800963,-0.002171225892025889
5.7656021112488895,-0.1709442974756623,0.2651595173393279,-0.0029523598940248293
5.774557822745662,-0.1709602268684911,0.24750880112846102,-0.0035456393555403174
5.79219667199104,-0.17091570839331993,0.2403479171358237,-0.003316233352439424
5.8046381561540885,-0.17093412020697052,0.2662366558992272,-0.0034026525940322426
5.8220011540101515,-0.17096811996124828,0.2562840386961571,-0.00333984749434842
5.835113188937429,-0.17099654951974053,0.24239066211189403,-0.0034626147746609263
5.849973295669238,-0.1709697381884343,0.2719077363460342,-0.003087751828057152
5.864403263198276,-0.17102927097624843,0.2600204376052733,-0.003042887989618393
5.8810874991229865,-0.17111224208234077,0.24848273116023434,-0.002557140185044054
5.896840153335421,-0.17124606212381188,0.2751388729127665,-0.0021500337604975976
5.915090081241746,-0.17130710336262922,0.26253888051765284,-0.0018366369381078293
5.930983920985459,-0.1713499107428369,0.2479381867243657,-0.0019096616875612657
5.938160872612866,-0.1714177996474735,0.2752262711194234,-0.0013863559393218735
5.954650117398039,-0.17156694501512604,0.2694848922807305,-0.0013035507654715647
5.97621199933374,-0.17169004087601003,0.2562953696475709,-0.0008118245338059503
5.989785800509716,-0.17174596047111912,0.27904558725738904,-0.00039764546053138773
6.007651036162365,-0.1717964176226534,0.2681862002584456,-0.0005823027366545885
6.019803459839986,-0.1717856266015314,0.2538939015495309,-0.0007104834469898472
6.0350641841207215,-0.17187445393041934,0.2441714318685891,-0.0009702663673955674
6.053641630107969,-0.17198702303806712,0.27196348104831136,-0.0006446231510380759
6.067336336169274,-0.17204547838738016,0.25710139597105286,-0.0006232075337613246
6.0826963507218,-0.1721370857453195,0.2461455775004286,-0.0006612945041689884
6.09521191897598,-0.17224558725102312,0.2738585680646041,-0.0005614871781879034
6.108209823091865,-0.17232102835122554,0.26384613169045784,-0.0003836352417329186
6.126423442395577,-0.1724477269050162,0.2534475392187934,-0.0004734837300618036
6.144005338481073,-0.17288112275373813,0.2788773586383232,-0.001195919989138319
6.158406156648725,-0.16916577280332312,0.26481184523758977,0.0003713835877840585
6.174629466023236,-0.16403039777328665,0.25330808017281026,-0.0036862992359605706
6.188448814668645,-0.16409510105296476,0.24025790202908434,-0.009555537370353745
6.201455041149562,-0.16427815531421253,0.269215071004672,-0.010247217610390536
6.219116082187009,-0.16437826496369823,0.2588191136484964,-0.009920755034570338
6.230383126422313,-0.16439630405572636,0.2446768070111196,-0.01009079568343407
6.248532935124955,-0.1645603485561633,0.27565992645342313,-0.012062464768648275
6.260899395071471,-0.16448957096294414,0.2611339027203462,-0.012024747070588652
6.277359326299543,-0.16443823522107515,0.2511979739716482,-0.012723789263527414
6.291612510520046,-0.16447225960839873,0.2779165792817251,-0.017903270003956386
6.302210909018114,-0.16452705607068374,0.26652536401954113,-0.017650995900696447
6.322406505592858,-0.1645975155509145,0.25805215753186295,-0.01748402562669322
6.336938506405613,-0.16478379469527482,0.24189680333025937,-0.01729773613465498
6.351185490863015,-0.16490956466599016,0.2699474243494591,-0.027191941870592415
6.364874029374311,-0.1651142306703548,0.2585327819316276,-0.027080805290156728
6.383754672701927,-0.16544279023506192,0.24762183418240455,-0.026503694188708307
6.399157331152465,-0.16545291219490288,0.2712713001788951,-0.046946822194943616
6.417251685286383,-0.1656515204052873,0.25884361585779053,-0.04705695804868621
6.4292474232325825,-0.16585319121670494,0.24434232792593377,-0.04661807774301752
6.44011724058119,-0.1660453199551597,0.23479602072207478,-0.046005764897496096
6.458195410955002,-0.16642250953988302,0.26474486635299327,-0.06333761091394481
6.468733417975371,-0.1667102599326462,0.25033954800458585,-0.06239118358402948
6.488798751836077,-0.16734872540617474,0.2418403298272181,-0.062123862482454155
6.502105925498247,-0.16770765562001166,0.26345013542556983,-0.08499574950990652
6.512959254136157,-0.16802664723440586,0.2531616929528429,-0.08340468060740465
6.532309694754439,-0.16872874029734142,0.24467280303139236,-0.08236102037767097
6.541895441283998,-0.1692190979879502,0.229536543074878,-0.08047416759174505
6.557313423480935,-0.17003282921791474,0.2605377675634782,-0.09795787923910967
6.570604310195751,-0.16949303216347822,0.24854536146402859,-0.0962142972403025
6.587297940628537,-0.1683552815026932,0.2382107368299612,-0.09554613514438093
6.600209822217229,-0.16869855537042078,0.225210121635022,-0.09513479796570401
6.61029302901093,-0.16940338856250392,0.25329741732578953,-0.11695200702439114
6.629605578477133,-0.17084857804771225,0.24554123906772432,-0.11567365718256996
6.640803003952632,-0.1717680188920756,0.23074384143191817,-0.11313248188627639
6.656027304067408,-0.17316062793986475,0.22213378186471458,-0.11170480956519942
6.6679686186905185,-0.1743567014841556,0.21044702886403802,-0.10968956702197578
6.6836978045875055,-0.1759078558819418,0.24117287415591662,-0.12404878167490202
6.695164332709838,-0.17716757283679385,0.22922977476057363,-0.12179347179548147
6.709059199644953,-0.17876254196694852,0.22055734731434298,-0.12005540177833283
6.7170359084435765,-0.17977223673338472,0.2099528910533651,-0.11811388096686687
6.734119542679053,-0.18200764314186912,0.20379658012334032,-0.1170656685813049
6.740491207757245,-0.18290519760167534,0.2309358652903718,-0.13389123706466372
6.760065978253123,-0.1857038011845482,0.22624133502237087,-0.13269848951766025
6.771157738779966,-0.18740134050052681,0.21134963251572877,-0.12980616702935724
6.786234103638431,-0.18979453852963601,0.2029848812579749,-0.12804083141957204
6.800749354884851,-0.19229779125304702,0.23316021860837366,-0.13796429738984875
6.810484417679653,-0.19407017483628408,0.22256184270545426,-0.13503742075492658
6.826438570405801,-0.19704595073459963,0.21514823203295222,-0.13350188440233002
6.832426808782754,-0.19813182661171247,0.20299003611863609,-0.13101991367771634
6.848027136729817,-0.20112555036835467,0.19832430799409373,-0.13028121243494933
6.861394617731371,-0.20386102566719444,0.22893539998252535,-0.14177538647276614
6.872971692216473,-0.20639920579497328,0.21894391989942008,-0.13938942429111445
6.884459909512453,-0.20882869349873445,0.21041608231373707,-0.1370776283120774
6.894193088487922,-0.2109683785855676,0.20174389951836608,-0.13521633722182813
6.907391327300784,-0.2140347532109388,0.1944357730444427,-0.13357044784073288
6.9184274226107085,-0.2167808589601723,0.22785910760099795,-0.13625735328781619
6.931933103456869,-0.2200725502249039,0.21964821777494273,-0.13404004152637622
6.946107590532002,-0.22378909256837254,0.20940690642549095,-0.13175014809892913
6.955115565761478,-0.226193950506536,0.19853397183451973,-0.1293886624147368
6.966328888751458,-0.22921101841052582,0.23531511032954278,-0.13138969680200346
6.978444647304496,-0.23262372208793813,0.22686774961492168,-0.12924060337289742
6.994022249059202,-0.23711923272597168,0.21743421491255643,-0.12731524275395045
6.999824771488913,-0.23902296760377162,0.2053744232813994,-0.1247292731922221
7.011240655710526,-0.24301465163865466,0.20075240536262592,-0.12377310117696884
7.022796728196541,-0.24674891465202542,0.23628630266131748,-0.13052782467012164
7.039205172737393,-0.2518070730183375,0.2272848081475026,-0.12841583810163357
7.052346133918892,-0.25611801132402867,0.21452388212724563,-0.125716700689077
7.062777397093447,-0.2596879673518977,0.2040524068074266,-0.12377071479436937
7.075076884223109,-0.26389313418006743,0.24061819724231398,-0.12579236540762614
7.09079172112175,-0.2693756514663175,0.23088884740999627,-0.12375193893656494
7.10070777864544,-0.27286150612628823,0.218279296146415,-0.12140899345790258
7.111193135692165,-0.27664266469970755,0.21026408740702374,-0.12004266916981053
7.1260525021503724,-0.2820453164457213,0.20182627104885797,-0.11848668879029671
7.137421293835478,-0.286419176930476,0.23557661981178046,-0.12397744074822183
7.149273965580414,-0.291003794966576,0.22666939074803097,-0.12169918628059369
7.15826659070492,-0.29449745753627177,0.21707550293442043,-0.11985818377370487
7.175196813236049,-0.3012818523988354,0.21014310054372015,-0.11794487193283822
7.1855926238046886,-0.30559191352821813,0.24147609302445397,-0.11760922523342406
7.199349944554426,-0.3113495013043135,0.2330859718207265,-0.115741200661414
7.206144916357845,-0.31424674325147706,0.22179684670710667,-0.11359979856165754
7.221159621647463,-0.3207623172973122,0.21612020895638773,-0.11267943787816996
7.2295468581436015,-0.32447579241328484,0.2503089271107613,-0.11525151925119724
7.243276901873916,-0.33056420619165117,0.2434764183193727,-0.11370059404928058
7.256438853643161,-0.336581323203351,0.2320804764387159,-0.11159549874884511
7.267007145899472,-0.34146252172077673,0.2211271789945509,-0.10949402937838516
7.278114275656611,-0.3466474031913922,0.21207979973974456,-0.10822986411379797
7.290140206016737,-0.35256366620050095,0.24858691650547393,-0.10529850189142535
7.301233356349712,-0.35810011300291933,0.23862277218037348,-0.10286951022427337
7.313387616497544,-0.36403399896747857,0.22880829973271252,-0.10178281634035118
7.3262722541977965,-0.3704249758307938,0.21838821793959592,-0.1001482175575735
7.3370055689007,-0.37596760243722294,0.2543441439467733,-0.09995382755320513
7.353174157219189,-0.3842235937874534,0.24508098535400472,-0.09832213682276444
7.364744858125507,-0.3903137994745052,0.23099589616912458,-0.09631756714488185
7.375742180098987,-0.39617890134964995,0.22091762111301305,-0.09469754728895159
7.390049282459547,-0.4038817987682055,0.25689985253573483,-0.08835892260277593
7.400009294662158,-0.409281684249148,0.24430045954780155,-0.08649466586758996
7.414473497753747,-0.41733695510848,0.23545714254340086,-0.08534378434256795
7.4273622498664755,-0.42457977998502905,0.2224873047657273,-0.08370529202453283
7.437556418304078,-0.4320639864315652,0.25742345366618197,-0.07957308930029712
7.448565169253978,-0.44009439742251466,0.2479384092398317,-0.07664293326619696
7.460839946394877,-0.4471394693386159,0.23757578208938876,-0.07389153013646209
7.4697860677889345,-0.4523338929449938,0.22637578698325503,-0.07284360980545812
7.482032540641853,-0.4595462828200034,0.262121975875574,-0.06099197060863623
7.491289317611011,-0.46510793420980967,0.25100009127394973,-0.05956234484867808
7.5084744206014555,-0.4754807636782008,0.24252643252302547,-0.05852900844378285
7.5187692448121375,-0.48168208095740717,0.22659567917568518,-0.05721780846699257
7.533317351939251,-0.4906883811371312,0.2170361797296889,-0.056518486884213084
7.540819181693291,-0.4953549965462134,0.2034774901103561,-0.055274562752003965
7.551816585586709,-0.5022107586472337,0.1964723674686598,-0.054644281604859575
7.562748711846311,-0.5090636467591807,0.18614790769000344,-0.053862342362264386
7.573496151936737,-0.5158309532110188,0.1758658791955876,-0.053079165823272
7.580184370467636,-0.5200961626709564,0.16574881651652873,-0.05228827407142784
7.590810081375648,-0.5269094426116183,0.1594338529779223,-0.05176279525206113
7.598147365672601,-0.531629688801651,0.14936974737356512,-0.05095225304639573
7.606019959521555,-0.5367220816384055,0.14237471690580453,-0.050477009383127484
7.611402511131788,-0.5402211687202954,0.134850280435614,-0.04996432868116882
7.617762623305896,-0.5443527712941343,0.12971521979731832,-0.04956494650726885
7.624853117523985,-0.5489904207054597,0.12364778861056294,-0.04909595552870505
7.631750614877069,-0.5535897303793469,0.11682731412330793,-0.04864217669494145
7.635628173039361,-0.556190858734551,0.11016303452778231,-0.048132122162650635
7.642218175806136,-0.5606067436168143,0.10641490172332993,-0.04782539116766402
7.647121481006712,-0.563916497876594,0.10001399551165112,-0.04736328982875969
7.652569655263088,-0.5676343434680131,0.09521959085696649,-0.047038927240775935
7.656294858706485,-0.5701933260146035,0.08991749290796971,-0.046578896002365984
7.660495563087075,-0.5730647479284521,0.08624998048072023,-0.04631091310128095
7.665481830664037,-0.5764802909915527,0.08211379328242589,-0.046022694106612035
7.668903312802627,-0.5788265590105368,0.07720430960869806,-0.045666230497186745
7.672907807652978,-0.5816209228067439,0.07384814312316951,-0.04539782315220278
7.675649688753197,-0.5835461535869193,0.06990578146615647,-0.045047434430996035
7.679975625203324,-0.5866361381287568,0.06719943608434606,-0.044804079982227955
