0.5217611795848747,-0.007232933518546147
0.5253709333449521,-0.00593492845828969
0.5314337588193325,-0.004582613488716802
0.5402352076586183,-0.0027228907784486722
0.5443223071337009,-0.001975124135517703
0.562259933641382,-9.032577520606822e-05
0.5708417455901298,0.0006156996515276347
0.5794700712902845,0.0012795444261328726
0.5794700712902845,0.0012795444261328726
0.5994578103657044,0.003018610323016091
0.6101156168405861,0.0038210750200402543
0.6288796070610552,0.005119323632357009
0.6391762865787225,0.005523501861636859
0.6513226672570447,0.005779416187756681
0.6702796756183727,0.00636901115336741
0.6811852858666221,0.006776222043763269
0.6873768653340413,0.007118537151884041
0.6987211748005464,0.007514977090059105
0.7132836302958996,0.00797513742564604
0.6911473881828467,-0.010354180588420192
0.6846451903529367,-0.0182112867343438
0.6933320585948639,-0.021530853360296476
0.7008741301840118,-0.021608982489045303
0.7008741301840118,-0.021608982489045303
0.7218818338722421,-0.02179986534616596
0.7324486594228325,-0.022050445491212045
0.7443994829730602,-0.02236644156001688
0.7443994829730602,-0.02236644156001688
0.7568875778288344,-0.02254108247500497
0.7681447231980041,-0.022748792846234878
0.7681447231980041,-0.022748792846234878
0.7868122728640348,-0.023050696529773873
0.7975280230317239,-0.023412271838116894
0.8039708965221859,-0.023590039103272176
0.8141769163268098,-0.02401066372159555
0.8283995245509033,-0.02464147445545528
0.8406645309128162,-0.025153723248321214
0.8514455306975233,-0.02556432105604678
0.8614090653043984,-0.026111879907867674
0.8677250016188438,-0.026545523820111327
0.8870448356507641,-0.02797974151551408
0.8983827104510471,-0.028889113284808587
0.921421918927118,-0.031168690544587818
0.9365758350876145,-0.0325338336990999
0.9365758350876145,-0.0325338336990999
0.9644645178294358,-0.03495838348502822
0.9782605618059108,-0.036051008897080905
0.9913680711282744,-0.037011212238938995
1.0054413233631667,-0.037989610261753626
1.0167189841038855,-0.03885676596495813
1.034669691185,-0.04052579723904692
1.0435261297832596,-0.04120378254676105
1.057946430401966,-0.04231822006244812
1.0809335242260811,-0.04453133038999191
1.0774012259347554,-0.08275373247984597
1.0742215983450016,-0.11806271009547231
1.090013704348813,-0.12659051339777072
1.1051395722778494,-0.12903919729335023
1.1290456475743689,-0.13306259922940455
1.1386369131265184,-0.1346236636119169
1.1613774523043077,-0.1382822271711941
1.1765265498468214,-0.14065581189227672
1.197075216384512,-0.143935864971235
1.2167679062205092,-0.14715771811491507
1.2390353089664927,-0.15022898109373628
1.2526714403879922,-0.15201785072687812
1.2685101625720776,-0.15433508572040644
1.285702533564569,-0.15699755382184932
1.3036434946753932,-0.1599336795556887
1.3248978611462316,-0.16363023634993468
1.3338450744244756,-0.16528258726950362
1.3627999826073722,-0.1709170077567883
1.3833356117844406,-0.17485111184393354
1.3985393681836058,-0.17757176224931115
1.4153429257749242,-0.18067911865238884
1.4259131022349347,-0.1825604475366731
1.4473527109997093,-0.18650986165365957
1.4624799581524606,-0.19286880794050454
1.4668131713759358,-0.2058011882771673
1.4806571792541607,-0.22983346907335367
1.4806571792541607,-0.22983346907335367
1.5089970270121942,-0.23429753884519755
1.5264181144130582,-0.23718745388637963
1.534132468420042,-0.23847963248821102
1.545838974056064,-0.24064492395922343
1.573098579728363,-0.24574807109725505
1.5895757311518341,-0.24932534225652603
1.6018813973516135,-0.2519561738525251
1.6164515522415464,-0.255436302450331
1.6396519271196102,-0.2608233050937905
1.6576111625817678,-0.2646847877608405
1.6576111625817678,-0.2646847877608405
1.687519069919965,-0.27150666277527336
1.6969236334020685,-0.2734813140459771
1.7174981185883595,-0.2783696302732448
1.7334974121425457,-0.28131024796575943
1.7334974121425457,-0.28131024796575943
1.7672801432804164,-0.28512250344505397
1.7792167386963147,-0.2869220532908603
1.7940720616723738,-0.28943742813969564
1.8028000851848667,-0.2912095183492216
1.8152887627572944,-0.29352467453506037
1.834391862886159,-0.29713585309180246
1.8565681067317374,-0.3015696663226368
1.8747059026319697,-0.3053700600096185
1.8987860418997524,-0.3144385740557105
1.8987860418997524,-0.3144385740557105
1.8987860418997524,-0.3144385740557105
1.9406042724074748,-0.33402144523221367
1.9406042724074748,-0.33402144523221367
1.9706547242164145,-0.33988978350584276
1.994008750352581,-0.3445883521276709
2.0106595947512993,-0.3479348935173263
2.0154144054073786,-0.34890534939295925
2.035324384746996,-0.3534195606850492
2.057910367378037,-0.3581866862912886
2.0847423309488633,-0.36383719857396635
2.0900975265287123,-0.36497586799272597
2.1232788466366177,-0.3720515429806781
2.1419523974785495,-0.3760065240776722
2.1513160426661706,-0.37793305670033384
2.1675332219252557,-0.3813888836969017
2.198066473522122,-0.38791815438386124
2.213779180640161,-0.3912314206478378
2.2286312118242115,-0.39436508192698305
2.2385757333980383,-0.39650421936426383
2.2576452339582467,-0.400745606337928
2.276176898748332,-0.40488387553914684
2.291814414183486,-0.4088590845068758
2.308954095687307,-0.415179050871199
2.322772561993702,-0.4195597670190203
2.339753603993662,-0.42156376170830434
2.3569076862013016,-0.4241386610045126
2.3673906205867308,-0.4258718859786157
2.3839261174092545,-0.42853519901137105
2.4013690330100044,-0.4314939458256628
2.4204322403280507,-0.4348895057511246
2.4204322403280507,-0.4348895057511246
2.4480900131809467,-0.4398242610985612
2.462825638887507,-0.442532149935543
2.479132317950775,-0.44543812672487526
2.488639363260903,-0.4471594013689639
2.5134108950139282,-0.45133832732603985
2.5329329406813237,-0.45460341131227366
2.5483205781318663,-0.4571915957873607
2.5624637621299993,-0.4594764156808697
2.5624637621299993,-0.4594764156808697
2.596474100122011,-0.4652981576837565
2.606865131190988,-0.46728152501183473
2.6151116384905144,-0.4690487399117771
2.6394368657488876,-0.4738828175948111
2.6394368657488876,-0.4738828175948111
2.6628750621360453,-0.4781110415952625
2.6677014490888418,-0.47902653436941023
2.6809082593130604,-0.4812650301476449
2.6988241610388037,-0.48458887522444627
2.7167384644774,-0.48743078787606464
2.728720667692155,-0.48918974321512465
2.7513032212810504,-0.4923433732458644
2.7649799541475506,-0.4947451433038843
2.7835872930051284,-0.49799683877977685
2.801655119589542,-0.5007214072604249
2.814302604386082,-0.502569704932478
2.8348984278068023,-0.5054917292821948
2.852675348321144,-0.5078355544057764
2.8662532580250115,-0.50958904976412
2.8776108196145938,-0.5108928586233272
2.893565155653066,-0.5127279860346459
2.909411074917873,-0.5147724189051814
2.925855143411349,-0.5166925565681311
2.942658275448191,-0.5187198758395652
2.9559359797941847,-0.5202939646884648
2.9640610825890183,-0.5213727557963654
2.9808786927979876,-0.5235887000277852
2.9909355905726374,-0.5249617737894656
3.01281110186964,-0.5278877709835292
3.01281110186964,-0.5278877709835292
3.0309667710127783,-0.5309197364261262
3.050995369739418,-0.5333890441655011
3.0628184532507055,-0.5346981530485486
3.077898957839319,-0.5362311406808882
3.0911217931957617,-0.5375313622600952
3.113442551231496,-0.5378660890382321
3.1276286390385026,-0.5377340268229336
3.146871714553769,-0.5373568900741006
3.164015884057897,-0.5370773201903152
3.1859831353002717,-0.5346741146691709
3.200543996599526,-0.5337577986837534
3.2091562369488535,-0.5335896712279595
3.2259880384295734,-0.5332592934353961
3.2412295229698165,-0.5324665116011555
3.2412295229698165,-0.5324665116011555
3.2630055657206354,-0.532067376174302
3.2735885520217307,-0.5316523609312451
3.2873929952521372,-0.5318409471177343
3.2984214462072456,-0.5320054540523333
3.3078384682258726,-0.532112242530987
3.3078384682258726,-0.532112242530987
3.333569551997874,-0.532276895503415
3.3430111130743887,-0.5324187463006371
3.3539171156183434,-0.5322931930973365
3.370387741167942,-0.5320184744421752
3.3821028206207258,-0.5315635056599692
3.3981360550104673,-0.531271683074749
3.406165212232885,-0.5314212247880015
3.4270584302747276,-0.5320546224412688
3.4395514561746,-0.5323041465018434
3.448026970738068,-0.5320919301704858
3.454743162742097,-0.5318242065742496
3.4755215956052963,-0.5311008661043193
3.488801469962185,-0.5308186335516094
3.5006052562198393,-0.5303974280238499
3.5006052562198393,-0.5303974280238499
3.529666144976667,-0.5295097251445036
3.5442477660339353,-0.5289515543602494
3.5584944135707497,-0.5280477686696798
3.5679314804197215,-0.5274129649584225
3.589410964009015,-0.5256769806171508
3.589410964009015,-0.5256769806171508
3.624785900559388,-0.521588281762428
3.6345537064885747,-0.5204870924691232
3.6503284824042845,-0.5185345730778401
3.6641379898521134,-0.516797082944068
3.6794947968031435,-0.5149548133835573
3.6979057778921574,-0.5126252609286652
3.7114208071941626,-0.5108753734185854
3.7238255158093825,-0.5090948528565313
3.7327863372276635,-0.5077853146328621
3.7489484997962297,-0.5055695269053313
3.7703391631826255,-0.502765453827239
3.7799667394821963,-0.5017547979573962
3.7799667394821963,-0.5017547979573962
3.7799667394821963,-0.5017547979573962
3.8021102356174143,-0.4991121763036084
3.8191530259322306,-0.49688779413789597
3.8191530259322306,-0.49688779413789597
3.8313268903888185,-0.4953749266465426
3.8313268903888185,-0.4953749266465426
3.846945227738794,-0.49358164386068637
3.846945227738794,-0.49358164386068637
3.846945227738794,-0.49358164386068637
3.8668393753738437,-0.49121457456262263
3.8705535965643962,-0.4907947105750239
3.8838566928284317,-0.48864320489918356
3.8838566928284317,-0.48864320489918356
3.8838566928284317,-0.48864320489918356
3.9025710578751047,-0.4854634131709048
3.9025710578751047,-0.4854634131709048
3.9025710578751047,-0.4854634131709048
3.922196029116688,-0.4824060481150152
3.922196029116688,-0.4824060481150152
3.928652208577663,-0.4810864916328246
3.936033680771345,-0.47971958501650036
3.9425007524961044,-0.47846237706965944
3.9491533375181582,-0.4770406721785516
3.9655904222092424,-0.473248964176479
3.973535332176576,-0.4711008542223247
3.9844283791680306,-0.46824357874703715
3.997448312562513,-0.46487158661856576
4.0135197536067055,-0.4605521691246377
4.029995532878505,-0.45637980009121115
4.036752667637407,-0.455301808786464
4.056894257046086,-0.4519486713045495
4.066689068873253,-0.4491664224300962
4.077538476229595,-0.4460443162974066
4.094698354812242,-0.4411775529624187
4.111832622790511,-0.43644703012628305
4.125992428639468,-0.43234690456002767
4.135329142713621,-0.42962422649125287
4.157034066261603,-0.4230569007005638
4.176872082019434,-0.41699095415016174
4.191248872449516,-0.4124474819145103
4.211323231030003,-0.4060978087622935
4.2371417165015375,-0.3978975444843744
4.246923801723881,-0.39471467204219834
4.269126136143931,-0.38745602341295715
4.288633509829837,-0.38101477145237617
4.303309333248738,-0.3761680117095434
4.315945035557743,-0.3719693878241692
4.336397307740379,-0.3651557483412464
4.351645673136934,-0.3599263109985227
4.359499938943905,-0.35717710610583175
4.377405087106652,-0.35098859336922494
4.3910042059952525,-0.3462140111394447
4.402112350037586,-0.3423243094371049
4.418122578146142,-0.3367999753148627
4.418122578146142,-0.3367999753148627
4.440376090159436,-0.3288373765935191
4.446740788285832,-0.32633901425206346
4.459203790887176,-0.3216090884887546
4.4762963025749345,-0.3156496272551159
4.499496685996152,-0.3077169263282009
4.513446184020148,-0.3026410993610025
4.532288540246689,-0.2957708705599362
4.532288540246689,-0.2957708705599362
4.561278102195195,-0.28549652811752857
4.569660639930017,-0.28234457782362554
4.587068535577408,-0.2755880221330589
4.603219500833617,-0.269485450756644
4.616456919008573,-0.26446287573615024
4.621337609363599,-0.26263730107174155
4.643341210723891,-0.2541808365620586
4.643341210723891,-0.2541808365620586
4.665719177998998,-0.24559701231770603
4.679225870108023,-0.2400019390516679
4.691706909313238,-0.23479890815943705
4.7046690830450215,-0.2294885093273198
4.711231253407557,-0.22692622063607537
4.730149679275541,-0.21983362316750643
4.738666910338924,-0.21669537139206696
4.7530081842689365,-0.21135068309744653
4.773259739565699,-0.2044889275149515
4.778677712543618,-0.20254241994414635
4.79339330041235,-0.19739699054053972
4.817514700817961,-0.18893091981403032
4.817514700817961,-0.18893091981403032
4.831815532013992,-0.18418101965785816
4.8467410462953,-0.17931705505763418
4.850614759320117,-0.178102522323206
4.864902664807639,-0.17373551550099542
4.878076675217166,-0.16992124503889272
4.889453305318362,-0.16662596032921861
4.898082905519897,-0.1640771025330494
4.9172058002912715,-0.15858746965282045
4.938231493167699,-0.15238586431324386
4.938231493167699,-0.15238586431324386
4.938231493167699,-0.15238586431324386
4.965668785986306,-0.14547117373574103
4.968923757803238,-0.14449752596200227
4.9801479638424,-0.1411079073749466
4.9801479638424,-0.1411079073749466
4.995333501939127,-0.1369244360566988
5.0050825936256675,-0.1344097968991811
5.0101969530472905,-0.13312050064758374
5.031208189273579,-0.1277048049617857
5.039764695776875,-0.12546324553181876
5.039764695776875,-0.12546324553181876
5.06278446938953,-0.11934867030803176
5.0766011908730135,-0.11590760525964505
5.091330307383059,-0.112263681114662
5.099356131191504,-0.11027250610589157
5.109348616570203,-0.10785767298241744
5.121788970385809,-0.10531004350330875
5.129400810915054,-0.1037834887026321
5.1362922748197954,-0.10217737473571731
5.154514389252675,-0.09793711318622478
5.159533310370705,-0.09661974043441468
5.177890954650468,-0.09211738070726838
5.190552423899945,-0.088918487618038
5.206741312141026,-0.08495985242682202
5.2183819663340465,-0.08222757381756907
5.2183819663340465,-0.08222757381756907
5.246081139860601,-0.07569925317516635
5.262157222898171,-0.07173371680960372
5.270704142078639,-0.06980398690350853
5.28385696372745,-0.06680514314734864
5.297446095055525,-0.06371696016185702
5.3066454824826215,-0.06240458351902056
5.310945109873915,-0.06192771718725254
5.32978624985258,-0.05853027961927104
5.346022111060162,-0.05497238601247645
5.356898010546674,-0.052401959748710425
5.376414550760402,-0.047153632481917285
5.391206019598408,-0.04276027163503926
5.408114527978993,-0.0375711230980702
5.427957244715018,-0.03054005971278073
5.444107624452668,-0.024171365132740874
5.444107624452668,-0.024171365132740874
5.462278564885404,-0.017147138493646352
5.474841878883926,-0.012770268460274181
5.491878838666275,-0.00690721888349799
5.496534260847571,-0.00551678290860913
5.51243772327189,-0.00047685510291728406
5.526044264960898,0.003528890818021324
5.536574868005301,0.006810688263016118
5.541519455668705,0.00846417757468032
5.56049667263886,0.015511454180519024
5.570047897803528,0.019144160192702486
5.582396446600182,0.02415632072121454
5.5867867452704285,0.02627432493843429
5.600069679519744,0.03287838148300182
5.614606549536358,0.039499321034908164
5.6252997911474525,0.04462720703419443
5.633883611552831,0.0486517181081787
5.647920461555979,0.055333198759926816
5.6624582265675025,0.06426901796498008
5.673244443498994,0.07173212589685463
5.6828354060955775,0.07846418655137555
5.695670081207729,0.08730134799481881
5.70490482830406,0.09388127137517799
5.714336818986495,0.10053171549324702
5.723086053576707,0.10605791744159276
5.733507540211084,0.10866909996209273
5.733507540211084,0.10866909996209273
5.7466670606615295,0.11252892166415052
5.757213103485055,0.11933593285431954
5.765160112262322,0.12479197875344639
5.775282377651038,0.13266429927350387
5.775282377651038,0.13266429927350387
5.78502937961163,0.14088502983929097
5.793050874580636,0.1475517351618265
5.804630147866442,0.15669600004856044
5.806666382073948,0.1583601182093819
5.817212751882352,0.1658345843936182
5.826910692066218,0.17305784573602878
5.836608106170198,0.18122159857986908
5.843837604430799,0.18775733068449618
5.851513565394002,0.1950257239133517
5.855577553969434,0.19901296577103622
5.867880689711753,0.21270162314436902
5.867880689711753,0.21270162314436902
5.881728143660646,0.2292372807874834
5.891923316137203,0.2393741228393793
5.898979170057416,0.24690176569909816
5.898979170057416,0.24690176569909816
5.914661301899894,0.2639689859017249
5.92389439683808,0.2723977352456419
5.928685317542863,0.27714812218180285
5.937652969333257,0.28657807805508995
5.941558710288195,0.2908249543928978
5.955257720355481,0.3058360179826547
5.960166950864201,0.3114932475316241
5.9690692433426955,0.32182145318703625
5.97667512890055,0.33040796924203697
5.986334967150779,0.3420195005939082
5.994453764445705,0.3543842794623213
5.998889735517933,0.36179862130680185
6.012665475917914,0.38448778435408926
6.01759171007696,0.3924038470875235
6.01759171007696,0.3924038470875235
6.030618605127746,0.41285585069924835
6.030618605127746,0.41285585069924835
6.030618605127746,0.41285585069924835
6.0432261093018,0.430641861109029
6.0468086594007815,0.43518543630349704
6.050436311528142,0.4399304945928222
6.050436311528142,0.4399304945928222
6.057608143365511,0.44953955645649124
6.0619028380787645,0.4557316756046408
6.0619028380787645,0.4557316756046408
6.0619028380787645,0.4557316756046408
6.074195622426022,0.47256951689287696
6.074195622426022,0.47256951689287696
6.08113467648085,0.48316967936425037
6.0841477842807565,0.4868393232960635
6.088083318249157,0.492613047224598
6.0960765944938435,0.5089695053199623
6.099767597661218,0.5159302449994119
6.107426430256241,0.5279266406374923
6.114758615504055,0.5398418764550623
6.119376479756831,0.5476172903661212
6.132304962009786,0.5685377540856145
6.138437389068097,0.5786088917810339
6.151031322922087,0.6004820985897279
6.161225472468337,0.6198058982680035
6.165450032864218,0.6279244666232842
6.180315121760389,0.657440028927395
6.185957417115909,0.6688508521549679
6.1979618530381835,0.6931037291177855
6.211178559584139,0.7201959045235586
6.217550867534661,0.7334860062934165
6.225917424979314,0.7507540072308618
6.231635397199698,0.762926413438425
6.2453552392959635,0.7918806603266386
6.253755679586445,0.8116044811925569
6.258895331327353,0.8245365860618232
6.267590397606309,0.8451077076195688
6.267590397606309,0.8451077076195688
6.279804886579765,0.8743585923994619
6.284505084537285,0.8853766966672456
6.290023067684336,0.8987174632992634
6.297493390895468,0.9167444313177686
6.3034477040659835,0.9313103655855173
6.309292376218953,0.9483682953974952
6.3159368132493325,0.969708295180979
6.321012243445643,0.9837510169795909
6.32464738544062,0.9926182229090319
6.331464269507751,1.0091858267871903
6.341571205278628,1.0348155873595264
6.341571205278628,1.0348155873595264
6.351392546643687,1.0644293797113402
6.35606781541521,1.0781341116788248
6.363768410925728,1.101439730158651
6.368940416359011,1.116126369715305
6.372179566210716,1.125726526722449
6.377888191656768,1.1421679340851423
6.383114743080666,1.1575205206103725
6.385358813392443,1.1640929658287504
6.395149265216294,1.193412948648449
6.398663006818857,1.203965286585218
6.400648541125011,1.209833677672
6.40699883965151,1.2279722116610188
6.411048540571125,1.2395983877223706
6.41431810829239,1.2491262543557227
6.419147623635086,1.2631415996756061
6.419147623635086,1.2631415996756061
6.431581075407933,1.3000295990075799
6.431581075407933,1.3000295990075799
6.4382592561479814,1.3214722217880794
6.441292058911903,1.3317708761589433
6.444562732557207,1.3423004296786107
6.451109441265228,1.361323455840182
6.458422412658897,1.3792624265365578
6.469762435669026,1.4033544675245917
6.474093499153402,1.4149423764358442
6.480275273550146,1.4285316047400745
6.484647983715669,1.4380108268189034
6.491895868032529,1.455055933684621
6.496372159912136,1.466560170217587
6.50060967348344,1.4771178779912777
6.503694007218179,1.484607100118854
6.5118363507347725,1.5044754616649207
6.514491244987036,1.5115248522190576
6.520371213491723,1.5270807660186119
6.526738996011135,1.5436571642205266
6.530586348352491,1.5535686528493962
6.534044536807585,1.5637198635063108
6.5385100459902965,1.5756557867807697
6.542552526834472,1.5856173878021451
6.545737716718459,1.5937725508249816
6.550468230782922,1.6055814778043676
6.555485277394489,1.617291326313934
6.555485277394489,1.617291326313934
6.5616191627866,1.632947169762991
6.5660811984623955,1.6443804921695637
6.568789985904049,1.651874783961377
6.572043092457733,1.6593083189943378
6.576744447756574,1.6697687355262882
6.581811759015405,1.679573377798512
6.5854261579114075,1.68688326228515
6.5901281485282395,1.6964238448804014
6.593729451267468,1.7036715145686898
6.600089333640667,1.7157324581350526
6.605795088039185,1.7264390975801245
6.612330795070906,1.7366660027479117
6.612330795070906,1.7366660027479117
6.627099402994408,1.7574266641600946
6.627099402994408,1.7574266641600946
6.640803403745928,1.775911035578071
6.644309749375583,1.7806476586240105
6.64978477663464,1.7889534191172167
6.652646715445302,1.7927630334191047
6.661094016710684,1.8062717068306622
6.664037161675109,1.8157891975558673
6.672417495501111,1.8361105533446462
6.679673279076332,1.8444559981404343
6.679673279076332,1.8444559981404343
6.688345895117571,1.8540608862858523
6.69417103306643,1.8607150411168654
6.700579492190368,1.868001867886436
6.709352453924418,1.8773042680063323
6.71679379822387,1.8851199518655815
6.71679379822387,1.8851199518655815
6.724343902541353,1.8922448483075485
6.732345401647169,1.9004029767124742
6.7364783022092505,1.9046038781700716
6.742640370393985,1.9108460962294593
6.749769234699524,1.9181766493447316
6.75611547484739,1.9244885175066262
6.764306581760794,1.9314416385458255
6.770082594412476,1.935941168841163
6.770082594412476,1.935941168841163
6.783758359773053,1.947206418034586
6.792796854674388,1.9549695340000017
6.801648730637984,1.9621298513968295
6.814357814119352,1.9717177574133657
6.814726731441624,1.9719904119134224
6.829703315723658,1.98319744187868
6.840544972848663,1.99122849649825
6.851377414130572,1.9988646288411065
6.8585616936562195,2.003725913655334
6.878758853744573,2.0154177806108873
6.878758853744573,2.0154177806108873
6.902999744654736,2.0298716224949
6.902999744654736,2.0298716224949
6.917618289427349,2.038967701195519
6.925800896233083,2.044220292499624
6.937802672171955,2.0519012547457685
6.9537051332562445,2.062134242631654
6.963017673514475,2.0675262683698428
6.9775846850904,2.0746851661170673
6.991143801750637,2.081350656906144
6.998395595180256,2.085219798627344
7.0087150535456555,2.0907296482993623
7.032011289368128,2.1028454948032262
7.032011289368128,2.1028454948032262
7.054092714152226,2.114107835029918
7.061708325961305,2.117787626118025
7.061708325961305,2.117787626118025
7.081647225829306,2.1149487603769437
7.0975685996751245,2.121445221501501
7.0975685996751245,2.121445221501501
7.0975685996751245,2.121445221501501
7.119954452573559,2.13179196228835
7.133360490662833,2.1382606633907795
7.140132737297771,2.1415074100117373
7.154939654882371,2.148086302823879
7.165843449492683,2.1529686847110376
7.17755046425917,2.1580426626398808
7.1892801988152595,2.163137912311811
7.208608642509331,2.1716026294805744
7.218850354254778,2.176046546110536
7.23816591934658,2.1843795199600606
7.254795691065202,2.191764786659748
7.263923203947213,2.1961002633109885
7.281511250608732,2.2044049686567337
7.292178180849604,2.209446180531719
7.319218809211879,2.2217933421800033
7.33347511271242,2.2283635503810846
7.343636658382536,2.232988965554874
7.360095737471861,2.2407191579791625
7.371444316720762,2.2459564379492836
7.386580419857728,2.253211858651378
7.386580419857728,2.253211858651378
7.4071098148050805,2.263433794144124
7.417114276696228,2.2683805718135464
7.433482634551897,2.2766261682824283
7.443314712412793,2.281382486554996
7.457046928678806,2.2879289344031957
7.467457677780652,2.292695325464159
7.481850130365752,2.2993209955304827
7.507599732446431,2.3107474995017565
7.507599732446431,2.3107474995017565
7.528990471963288,2.3200603986314263
7.541498887624076,2.3260994392032295
7.551884580809954,2.3312018254557536
7.561453609395876,2.3358783371296354
7.572943978759813,2.3410321241825933
7.595663582192336,2.3514496734314783
7.608096713855389,2.3574013818947908
7.6198032763735855,2.362885096561614
7.636026095229198,2.370012377540636
7.65281765440951,2.3767744930193793
7.65281765440951,2.3767744930193793
7.65281765440951,2.3767744930193793
7.693417336334345,2.3923131911201665
7.7040172966935945,2.3967052652205787
7.721102436871988,2.4038487586745525
7.721102436871988,2.4038487586745525
7.744257913595025,2.4131774589788346
7.754154979419032,2.417657061011562
7.754154979419032,2.417657061011562
7.769710122818142,2.4251146280437457
7.779702350319985,2.4299940433787146
7.790618433764861,2.434909878378493
7.802187366961833,2.43998437983052
7.812618868932942,2.4437108702389683
7.822775777788028,2.4467076089406135
7.835146757709336,2.4500082211420526
7.843614534764309,2.4522506802848714
7.861906024202917,2.4575143694523565
7.876308835917454,2.461198773415367
7.889622842294071,2.4637488442785482
7.905274032122577,2.4659231825026335
7.914325417444992,2.4653343085028983
7.938560107004897,2.463490832729212
7.956717954376261,2.4639198703682474
7.956717954376261,2.4639198703682474
7.986397878337369,2.4669825762956545
8.002399199429718,2.4688841479178674
8.008979355598257,2.469631307321034
8.031127701069893,2.4726743201962496
8.039941063632844,2.4745057441470504
8.039941063632844,2.4745057441470504
8.060249418781487,2.4786964740037796
8.07987779759454,2.482087423911773
8.089477493913217,2.4831346346706624
8.10613523835725,2.4840337408666056
8.121712846104444,2.4837379145248306
8.143712601644296,2.482415742869259
8.158956172059149,2.481406665545631
8.176259396792862,2.47989136949543
8.189798395077922,2.478453020551621
8.206374855607464,2.4768042743411733
8.223097681559139,2.475331202605153
8.24452042225332,2.473782155662253
8.252654430278788,2.4732052168509906
8.264150761264963,2.472341541523516
8.285668187472169,2.470509146670901
8.285668187472169,2.470509146670901
8.30998154261849,2.4691345322804477
8.32464585265237,2.4684698515743477
8.329242189280443,2.4681969957296506
8.347873724406172,2.4668267054387965
8.367483296797625,2.464624861933755
8.384076351273617,2.4627663015244696
8.407184935955605,2.460903487531507
8.424945538749764,2.45901697849032
8.443491155622041,2.4567527921471104
8.443491155622041,2.4567527921471104
8.477523756817725,2.4521009294047076
8.477523756817725,2.4521009294047076
8.508681261176754,2.448061582431377
8.518146024508223,2.446934578555023
8.531125296804571,2.4454861835328625
8.531125296804571,2.4454861835328625
8.559381138194109,2.4423322752750494
8.567547543919947,2.441335433581415
8.577734558754333,2.4401228107448407
8.590454038680955,2.438279747844579
8.596819324833032,2.4372612144671173
8.616340494631393,2.4343725194183268
8.622423498350132,2.4335131423965937
8.640073422995837,2.4309571509324446
8.64896951167563,2.429670308391362
8.65668120009591,2.428366145123837
8.67255791420729,2.425892004070308
8.688231816232395,2.423098619863598
8.688669633465121,2.423019981811672
8.707475902128923,2.419369883203464
8.728960742833937,2.4152514577064608
8.728960742833937,2.4152514577064608
8.752751796579783,2.410349520968614
8.761483319433577,2.4086259743161786
8.784122000575412,2.4017268348110132
8.800203296932404,2.396647313153574
8.815183186664688,2.3930685495343518
8.826274465122909,2.390318563923838
8.847508668476147,2.3849476413482797
8.855357251519191,2.382966745633542
8.867690710362446,2.379810014044784
8.889340616940443,2.3739911290239313
8.905979745028914,2.3696886779536097
8.905979745028914,2.3696886779536097
8.93005665947793,2.3637164651753313
8.93005665947793,2.3637164651753313
8.950302761620438,2.3583628574747646
8.950302761620438,2.3583628574747646
8.950302761620438,2.3583628574747646
8.950302761620438,2.3583628574747646
8.985609450073426,2.3483559024235827
8.99242112176129,2.3460550499360693
8.997134112464042,2.3441940040672513
9.004188862366552,2.341467092899501
9.01801272690409,2.3349961732420237
9.024265229825223,2.332049739510376
9.029950726334805,2.329275363230808
9.044577001275517,2.3227664766411706
9.058671571026089,2.316292647631295
9.067006838287142,2.313097028854985
9.076136191899257,2.3100284740169847
9.087678120517678,2.3064582446115747
9.105530484556335,2.3012917530828236
9.105530484556335,2.3012917530828236
9.122095680672386,2.2970495474709143
9.129699660859272,2.295192952417654
9.129699660859272,2.295192952417654
9.146628267196043,2.291185081800039
9.152574212065954,2.2895934293177636
9.160388367168915,2.2879178850474062
9.169361697003284,2.286194591712867
9.174742817525852,2.284990966369433
9.18707036129441,2.283748538478271
9.189214125904291,2.283641733452898
9.189754762110702,2.283455840210264
9.191507317320196,2.283731578466085
9.198940299714277,2.2834772395309866
9.208400837012288,2.2822524515976728
9.213996625919023,2.2814103614158423
9.22320011705387,2.28027362790767
9.231014895427307,2.280312722244055
9.236624433313946,2.2804283114432398
9.246833911434036,2.2805978497250763
9.252881566889899,2.2803452432200935
9.256557886735184,2.2802140441681065
9.265915419284624,2.2804574071112267
9.2739707981987,2.2817444773869866
9.28161505074608,2.283186870503627
9.289876866967536,2.2850282328195863
9.289876866967536,2.2850282328195863
9.305346418480262,2.2883596511705804
9.309083976471726,2.2892572635014403
9.320125940280764,2.2922838243041994
9.325696174057805,2.2935772996709805
9.338807540354077,2.297926383065711
9.34316537156036,2.299546673585672
9.350774989361303,2.3023998977849427
9.355953804956624,2.304172407812665
9.36638229477687,2.3084893772972954
9.374190564075297,2.3119481162844977
9.38088920591993,2.3150533664675947
9.38088920591993,2.3150533664675947
9.394725113014738,2.3218323534126917
9.399109051617323,2.3243276653581635
9.407909027630044,2.3295621225529057
9.413416129885288,2.3329217168896417
9.420314503457895,2.339512956651758
9.428021035296187,2.3485382588983796
9.43377530875271,2.353801042309076
9.439118578995732,2.3579431849388754
9.446332085882965,2.364050432549936
9.452130470202226,2.368762692814265
9.455964932778294,2.3717828938344248
9.459810952541302,2.3743638934135074
9.467800390918251,2.3813788943628307
9.472690086105889,2.386430569607384
9.477433986019516,2.392054976669943
9.480945770231667,2.3960479919857427
9.480945770231667,2.3960479919857427
9.487464356238213,2.4039521121658165
9.492238031981271,2.409110397210453
9.495815502964053,2.412456786218794
9.502105261478059,2.419089164212613
9.503377468293237,2.4203848900715617
9.510168097822284,2.4291031457930288
9.513457427532817,2.433721833952161
9.517747889679761,2.4398886153886163
9.521850635600748,2.446008909934829
9.52482861091327,2.450922121193038
9.526981311123134,2.4549851262916373
9.532473436290681,2.4649259652294315
9.534140480053912,2.4678208411140936
9.534140480053912,2.4678208411140936
9.541332224302463,2.480246123749552
9.541332224302463,2.480246123749552
9.545915086210575,2.4872463882584714
9.544653568552793,2.48966171005757
9.547494796203608,2.4952827018858734
9.550145875656714,2.502365538329025
9.552133099989316,2.5086308505874797
9.554091700136842,2.5152664980743875
9.556311942242596,2.522518197943308
9.558087611961597,2.529077893405706
9.561272766020581,2.540214151795343
9.562917090253762,2.547165250677157
9.562917090253762,2.547165250677157
9.562917090253762,2.547165250677157
9.566296185135727,2.56350264136735
9.568482319282028,2.5718069773333276
9.57006745817036,2.5794986041489842
9.571228637350165,2.586719392429739
9.572171405226092,2.597869028580112
9.572686108446552,2.60738018581236
9.572685571970581,2.61587664324661
9.572645244539272,2.6238910318414845
9.57349518015874,2.6334285127048993
9.573666254521777,2.6407959950681956
9.573582122730473,2.645424036857248
9.572714452789002,2.656475513323187
9.572714452789002,2.656475513323187
9.573014588647878,2.66687911466642
9.573075688182824,2.673440156757893
9.57263354290537,2.6815668429827255
9.57263354290537,2.6815668429827255
9.57263354290537,2.6815668429827255
9.57263354290537,2.6815668429827255
9.570135017123159,2.708135436541342
9.57044616743128,2.7125455680005324
9.570189073274845,2.722820251921137
9.569362172218693,2.737268639845583
9.568667341849345,2.746147176677315
9.568667341849345,2.746147176677315
9.56583308223126,2.76721677294198
9.56583308223126,2.76721677294198
9.563954636679117,2.780397821798049
9.563543008849999,2.787236187713871
9.563247113763122,2.7948260287943967
9.562679967917653,2.8053189336853723
9.56368819914369,2.8100246809308764
9.566178243515564,2.824525006355646
9.565938779160563,2.837024415578739
9.564783557861013,2.84595954306506
9.561663559587947,2.866799874020483
9.559906792268965,2.8761545655667646
9.556812192122797,2.890375316060986
9.555543639319374,2.897197143458307
9.550263536983381,2.916506239376071
9.545432744921072,2.9300239822244407
9.545432744921072,2.9300239822244407
9.537696815967617,2.9534651269839625
9.536114583850978,2.9588300573639383
9.531677466737271,2.9730854989157063
9.525706952086372,2.9927055917577174
9.522091781382812,3.004277794498268
9.520425093700078,3.009623173435058
9.514202885794308,3.028814645207534
9.514202885794308,3.028814645207534
9.505948761720475,3.054005061037989
9.502254353788894,3.0648677697530404
9.497988957463217,3.0769075499045186
9.491964238838774,3.0933322927690963
9.488134276355764,3.1036843570329777
9.481938347906192,3.1208912100808215
9.476689721656156,3.134398279136679
9.468591779736727,3.154952727255699
9.46174471142939,3.1717182943037683
9.453911791862607,3.190352979712242
9.44749926314459,3.2055713875853593
9.441463507443475,3.2196966613698175
9.432183994871824,3.237482055621692
9.422364799951948,3.2559145561252736
9.417878119028147,3.2660017705812168
9.409683881676287,3.2848786121227977
9.405736927351539,3.2936083151619453
9.399564371385328,3.306931985976999
9.390699569350803,3.3259687195927743
9.384839960199564,3.3385093250168545
9.384839960199564,3.3385093250168545
9.374159802814274,3.361030923508917
9.366647647622228,3.3768441719340645
9.361517961898343,3.3876550956031677
9.35422429424586,3.4027787959641893
9.349654581164192,3.4119436910054413
9.340232328669206,3.4307620098553135
9.33169856898829,3.447726172239184
9.323038859625068,3.4647830128654977
9.323038859625068,3.4647830128654977
9.311560995664042,3.4878672759469103
9.300961405201013,3.508766296703711
9.295226224173174,3.519885124727166
9.295226224173174,3.519885124727166
9.282353182991818,3.545586492156117
9.277406290186615,3.554877184273356
9.271109849140997,3.5664134745463336
9.263238754340296,3.5806902631141435
9.259346275428952,3.587899441909178
9.250066364219371,3.6046345490548175
9.246872419948547,3.6103782127586523
9.238384500765562,3.6257525311139966
9.231047163311862,3.639425214056195
9.224475211826281,3.6476792272122873
9.209695296262307,3.6677251183797868
9.2044764920686,3.677411122472722
9.193646624912347,3.6973076171895913
9.187682937566754,3.7084110710045
9.17956852673612,3.72379590088667
9.168762211843243,3.7446387065070743
9.163103626067866,3.7559647173115778
9.15226948716462,3.778792537279889
9.14542007418794,3.7934005035865566
9.136702130833267,3.812239261767939
9.130155730111525,3.826507470322986
9.124148653084507,3.839402397287201
9.121574058226871,3.844478818029147
9.11221197277798,3.8636202101289507
9.107780605408832,3.8727544025942313
9.10484090791502,3.879083273496672
9.096351198477265,3.898248836053723
9.093902316027652,3.903936946694186
9.087576602822441,3.9191738725210294
9.079207862333465,3.9388708569714215
9.07457864317978,3.951591769952403
9.070740230414252,3.9646394353207057
9.06590302536444,3.9840494936352204
9.064124038476852,3.991510525487479
9.058916107411449,4.014334897282392
9.056220603373525,4.0246806124099415
9.054361598510804,4.031292093025276
9.050053990336288,4.04950399271753
9.047938491089965,4.0585487409363035
9.047938491089965,4.0585487409363035
9.045534334041267,4.072263453032527
9.04347797532943,4.086344795333825
9.042352564690352,4.099883593862318
9.042352564690352,4.099883593862318
9.040340687914197,4.122401245418671
9.040340687914197,4.122401245418671
9.039366723423424,4.1331066957042975
9.038743702863378,4.139757247502424
9.038743702863378,4.139757247502424
9.036005282459445,4.160645092369652
9.033921788342967,4.168542858564482
9.032092636246,4.176150553578745
9.030969657561947,4.183087525521676
9.029814248106883,4.197382117189641
9.029728536637851,4.205045308913684
9.030833110894722,4.217988177066823
9.030833110894722,4.217988177066823
9.033806314657069,4.239972945600918
9.034755553288527,4.248810478538522
9.034755553288527,4.248810478538522
9.036579018994036,4.266630459655097
9.037270487160376,4.274377943646675
9.038490648892758,4.2876203306729606
9.039575864845924,4.295801880667902
9.041993749020794,4.306694656614501
9.045258253507589,4.318268499653573
9.048622424059792,4.32882449007059
9.048622424059792,4.32882449007059
9.048622424059792,4.32882449007059
9.056061873699313,4.350253794711879
9.059434197342169,4.362583078611431
9.059434197342169,4.362583078611431
9.061200807804369,4.370076891810416
9.063434692251953,4.3807693342641745
9.065368925150628,4.38643681007138
9.068852292163891,4.394710837441441
9.072817469836707,4.403021633157491
9.072817469836707,4.403021633157491
9.077362493445918,4.410899539536721
9.08075644698897,4.4188076989521905
9.08414892186016,4.427616477698404
9.08414892186016,4.427616477698404
9.09021413334558,4.439105096165425
9.092720057014153,4.4440634208694725
9.096179479376755,4.449794588764936
9.101736880938258,4.4585408196058705
9.105528843730399,4.464356021938977
9.109884786398041,4.469880571842294
9.114728233637052,4.476110898242033
9.120231004737345,4.483147880941389
9.12306504352406,4.486594930718242
9.12755578940277,4.491881950726208
9.12755578940277,4.491881950726208
9.141520995519693,4.5087513675776
9.14802732315152,4.51726477936741
9.15546504939747,4.526699761387696
9.162391699582052,4.535304011418094
9.167379613424535,4.5419459345793
9.175227489484735,4.552221926697577
9.18529109807059,4.563914080986859
9.18529109807059,4.563914080986859
9.194279444920904,4.573476379070867
9.204358067512723,4.584197414385608
9.209619144066817,4.590449154435892
9.217858834546373,4.598666597144207
9.227247198078713,4.606263810535823
9.232097485143791,4.6098859079052295
9.246161295034245,4.619784976110272
9.25578695746614,4.626343303219677
9.264677077123412,4.632099806781492
9.270061478332034,4.635445576655986
9.275691483204128,4.638663456660927
9.288150229451492,4.6461109321049
9.293719283762844,4.649250787856573
9.302586486541871,4.648544150251179
9.306663085777803,4.64756271206029
9.316324079849057,4.6501130137195705
9.318096681585459,4.651011756513505
9.324377091241194,4.653854080112096
9.334703420240142,4.658290471254244
9.33869837526597,4.660105296848495
9.344261345988073,4.662533177845894
9.349615951054492,4.664559837350475
9.35495862824378,4.666460201865229
9.360903095429494,4.668883003868416
9.360903095429494,4.668883003868416
9.367628644496705,4.671569622144467
9.372892674284047,4.6738930309922395
9.376798253893115,4.675629926976279
9.380299917776725,4.67657779801235
9.384021014054495,4.67725716867673
9.390395920334164,4.677856255235361
9.397335804123264,4.679241609577729
9.397335804123264,4.679241609577729
9.397335804123264,4.679241609577729
9.408422516665365,4.6802696953242755
9.410375015087462,4.680783249190012
9.413799389654885,4.681837048125216
9.41761398714996,4.682825352559138
9.42297236948017,4.683665304559314
9.42696519089536,4.6847103486069335
9.429324356710303,4.685265290476905
9.436581595724748,4.685557853568621
9.436581595724748,4.685557853568621
9.443336538608575,4.685320306310091
9.450201479961239,4.684858593331652
9.456247087775905,4.684140924277884
9.457508561435539,4.683606135594755
9.463250380474232,4.680685775889942
9.470805709995112,4.67929065808967
9.473668154600475,4.678843605590735
9.479231387793522,4.6773984724241755
9.483524109976175,4.676599911047672
9.488479719037397,4.675351461705604
9.488479719037397,4.675351461705604
9.49783717759587,4.6729662984332885
9.502266526226068,4.671660891659009
9.509338873726035,4.669126453485569
9.513782162183642,4.667247010588547
9.520409656251262,4.664335405490736
9.52455671019847,4.662451929087882
9.529207784236085,4.660076403000878
9.529207784236085,4.660076403000878
9.537854946313667,4.656067298124646
9.540606691511382,4.654908519634119
9.545710348595655,4.651824702111487
9.545710348595655,4.651824702111487
9.557615235950225,4.64577985568991
9.560872503309586,4.643402575973305
9.566562177571157,4.6389834913394274
9.566562177571157,4.6389834913394274
9.573267420595622,4.632882973299685
9.573267420595622,4.632882973299685
9.577948018850844,4.629022115397881
9.581831535661575,4.626290491268137
9.585858920280124,4.625295204523132
9.591213652977007,4.6238923096839795
9.593962095170278,4.62209026262307
9.593962095170278,4.62209026262307
9.598718626245503,4.617812618573144
9.60058656265315,4.616487887382225
9.603364703961878,4.614351513091862
9.603364703961878,4.614351513091862
9.603364703961878,4.614351513091862
9.608650818534894,4.609212990766094
9.611810499423491,4.605835725236876
9.613552629627227,4.604778128435655
9.617261365679356,4.601866480977041
9.619102249717853,4.600015849944823
9.621211094304325,4.5979636627756
9.624864285471284,4.593691140253578
9.627721094693467,4.590060925648394
9.630305175529754,4.586260183138345
9.631641181039237,4.584382834417172
9.636332365656754,4.578134368448544
9.638059203503285,4.575647428261021
9.640371923382315,4.5722039826173795
9.644349475634872,4.56532942441236
9.646484587313221,4.560759185760156
9.648537228148264,4.554914821817551
9.649737197603379,4.5510793736874255
9.651763157380586,4.543455014649868
9.652285996176198,4.540360322981763
9.653863745561598,4.532626320391174
9.653863745561598,4.532626320391174
9.656013271741763,4.520361793528833
9.656054124731988,4.512457637434243
9.655163338499731,4.505084187674582
9.654784516532946,4.495774735206111
9.654784034296437,4.491697887234152
9.655448317443364,4.483065165492466
9.655928159299274,4.478396362308694
9.65613821952562,4.473361446216397
9.656429151261062,4.468411769644991
9.656610797182777,4.462941495606054
9.656610797182777,4.462941495606054
9.65632558394129,4.456844393313411
9.656029132756627,4.449175754704551
9.656026616087196,4.444779300290605
9.655500406161906,4.439064578057123
9.655314047179381,4.43712394939011
9.654127074358387,4.427282809013914
9.653962879959032,4.426360669089158
9.651751640759642,4.41846519956348
9.64980467009873,4.412675188239732
9.647683217234311,4.405496581258487
9.646938471974213,4.402281920036283
9.646017008415297,4.398578783408559
9.645191445948436,4.395028019692714
9.6437880372681,4.390132649092997
9.643063239287738,4.386477471191737
9.642000892619155,4.382404537885526
9.642000892619155,4.382404537885526
9.63928171395046,4.371170072824757
9.638596645681371,4.366954095585409
9.63927126350874,4.360948335845211
9.639576696644685,4.357205231113817
9.637397955223504,4.351995884034296
9.634804030111807,4.347213172873598
9.632301613165442,4.343223944829233
9.628246497710967,4.337538630643752
9.625325150002991,4.333503595917974
9.62121337757285,4.327736244366182
9.618357351316668,4.324131766487764
9.61393040632863,4.319066289849913
9.60822589210401,4.313055892434049
9.60468100354555,4.309431478336464
9.602358482157522,4.307142475398762
9.595205695002514,4.299875393265844
9.595044820430466,4.299703994833931
9.588130436861471,4.293010373464075
9.582214242643289,4.288301793720346
9.576088881597082,4.2833626083059455
9.572354219501136,4.280070827554731
9.566918869918233,4.2760826406259005
9.56291489737531,4.27339928596449
9.556621043005741,4.269355283119527
9.551231938872974,4.266219752029408
9.546776358731377,4.263532615261458
9.540722777129508,4.260229239266577
9.537353771929968,4.258280531759554
9.53456511971987,4.256775655441322
9.528752589859218,4.25334517616329
9.528752589859218,4.25334517616329
