0.5253949392889261,-0.00934911611371625
0.5268422946725941,-0.009144546902389195
0.5268422946725941,-0.009144546902389195
0.533314462874575,-0.0069359171676168785
0.533314462874575,-0.0069359171676168785
0.5434975000430526,-0.003951196396592138
0.5434975000430526,-0.003951196396592138
0.5434975000430526,-0.003951196396592138
0.5618521694098106,-0.000677597528543572
0.5708337589091759,0.0007609892953741593
0.5708337589091759,0.0007609892953741593
0.584822613151811,0.0028372289951033025
0.5898544546727003,0.0034367619011881345
0.5898544546727003,0.0034367619011881345
0.603424930183472,0.005777880314967732
0.603424930183472,0.005777880314967732
0.6168865545264062,0.007317784759029777
0.6168865545264062,0.007317784759029777
0.6294742905849393,0.009398687148911122
0.6353183283096957,0.010507459525410212
0.6353183283096957,0.010507459525410212
0.6495432500701828,0.012119734891232525
0.6495432500701828,0.012119734891232525
0.6619067886643464,0.01422024025964852
0.6619067886643464,0.01422024025964852
0.6619067886643464,0.01422024025964852
0.6619067886643464,0.01422024025964852
0.6807900314556861,0.017124492203832276
0.6876305556537847,0.018135862891101695
0.6925864362617737,0.018843085430003015
0.6983439008123771,0.01969699856175211
0.7048543197834274,0.02035424055741153
0.7048543197834274,0.02035424055741153
0.7174281207318458,0.020967743023698304
0.7264405373436116,0.021110224127367516
0.6915159995908944,-0.004070252045396572
0.6915159995908944,-0.004070252045396572
0.6915159995908944,-0.004070252045396572
0.7043023204388863,-0.009572506625399768
0.7043023204388863,-0.009572506625399768
0.7043023204388863,-0.009572506625399768
0.7237419008000074,-0.007811368326706258
0.7237419008000074,-0.007811368326706258
0.7237419008000074,-0.007811368326706258
0.7237419008000074,-0.007811368326706258
0.7469071433161787,-0.006687767756597296
0.7483455412152011,-0.006615858742714309
0.7581881255957921,-0.006513816519827742
0.7581881255957921,-0.006513816519827742
0.7581881255957921,-0.006513816519827742
0.7581881255957921,-0.006513816519827742
0.7827023145190388,-0.004974389246523714
0.7827023145190388,-0.004974389246523714
0.7955186009243338,-0.003753215914937158
0.8008927817605258,-0.003519040505818083
0.8063694861576334,-0.0033147110862135065
0.8146584905206122,-0.003324727151809981
0.83262815427398,-0.0035226375515016173
0.83262815427398,-0.0035226375515016173
0.83262815427398,-0.0035226375515016173
0.8530173996228498,-0.0036170024801407408
0.8530173996228498,-0.0036170024801407408
0.8629655983227575,-0.0036741484853450856
0.8697767741984102,-0.004154567904226525
0.8697767741984102,-0.004154567904226525
0.8887761881271938,-0.004890786556686066
0.894579685321272,-0.004795994764917211
0.894579685321272,-0.004795994764917211
0.894579685321272,-0.004795994764917211
0.9094640154582372,-0.005587652284168243
0.9094640154582372,-0.005587652284168243
0.9223565444021649,-0.0059457794558710475
0.9223565444021649,-0.0059457794558710475
0.9312637007777997,-0.0060914105198364155
0.9366399105737262,-0.006021176126871808
0.9366399105737262,-0.006021176126871808
0.9366399105737262,-0.006021176126871808
0.9378477917196584,-0.006053461739302435
0.9513070387743383,-0.006413215706404074
0.9567797268153218,-0.006254245253678903
0.9635344111386619,-0.0060783362340295355
0.9693795392837874,-0.00621185002378688
0.9693795392837874,-0.00621185002378688
0.9693795392837874,-0.00621185002378688
0.9850286647092936,-0.005720673298140966
0.9889798045526383,-0.00557776045370062
0.9889798045526383,-0.00557776045370062
1.0026825736565126,-0.005752499102797515
1.0026825736565126,-0.005752499102797515
1.0137253152390375,-0.00546847224326541
1.0166322209319656,-0.005503472508156193
1.0166322209319656,-0.005503472508156193
1.0302928996994272,-0.0058820389597809
1.0302928996994272,-0.0058820389597809
1.0302928996994272,-0.0058820389597809
1.0531018820474927,-0.0069165065478422605
1.057633678109422,-0.006681971498810668
1.0641799843063868,-0.006579568837503658
1.0641799843063868,-0.006579568837503658
1.0751130010605383,-0.006614458503308995
1.0751130010605383,-0.006614458503308995
1.0469427158073277,-0.08006006136101895
1.0469427158073277,-0.08006006136101895
1.051067666104606,-0.09214097499521046
1.051067666104606,-0.09214097499521046
1.0588755754921415,-0.09223900171626198
1.0664726676097374,-0.09304643164196058
1.0694561910101275,-0.09346237591906181
1.0819152713907183,-0.09539780872212589
1.0819152713907183,-0.09539780872212589
1.0890031784167462,-0.09661098478680508
1.0992457514165377,-0.09861575206872963
1.0992457514165377,-0.09861575206872963
1.1137212566268992,-0.10125650432269673
1.1166588529828374,-0.1017773335115919
1.1166588529828374,-0.1017773335115919
1.1166588529828374,-0.1017773335115919
1.1339126580769747,-0.1052172298062608
1.1407344126837753,-0.10642714884778215
1.1467172295041355,-0.10729234752171735
1.1539104158732112,-0.10832916797543923
1.1564437046976437,-0.10875740546513235
1.1564437046976437,-0.10875740546513235
1.1781395067911067,-0.11320316382890816
1.1781395067911067,-0.11320316382890816
1.199362031236042,-0.11665948491657119
1.2119352604067188,-0.11852855472455381
1.2208417788537833,-0.11999170327052866
1.229614512488899,-0.12153838512286619
1.229614512488899,-0.12153838512286619
1.229614512488899,-0.12153838512286619
1.2575424698308098,-0.12594943970366046
1.2646082475132978,-0.12693511643168698
1.2750183450739723,-0.1286690592975699
1.2750183450739723,-0.1286690592975699
1.2750183450739723,-0.1286690592975699
1.2750183450739723,-0.1286690592975699
1.2952178562407521,-0.13182574500965671
1.2952178562407521,-0.13182574500965671
1.308978924189086,-0.13399441894774178
1.313760788037177,-0.13472914466697716
1.313760788037177,-0.13472914466697716
1.3250295359080813,-0.13640084477121128
1.3308867009992085,-0.1372562484886206
1.332597699603225,-0.13750168780011762
1.332597699603225,-0.13750168780011762
1.3499278720104986,-0.14064727673730992
1.355442279852486,-0.1416110229329064
1.3646320291435785,-0.14325129670566383
1.3646320291435785,-0.14325129670566383
1.3715546120826207,-0.1445006475216477
1.3810210631398032,-0.14608784988868884
1.389045214163545,-0.14758901256085366
1.389045214163545,-0.14758901256085366
1.408753951106668,-0.1516732251849966
1.4146286402126087,-0.15292476085888929
1.4276768956536614,-0.15613669425425947
1.4276768956536614,-0.15613669425425947
1.4276768956536614,-0.15613669425425947
1.4276768956536614,-0.15613669425425947
1.437122603439441,-0.18735920887606383
1.437122603439441,-0.18735920887606383
1.446877225002158,-0.1973281427613962
1.453704997571844,-0.19910994871280074
1.453704997571844,-0.19910994871280074
1.463721661566554,-0.20164136430217283
1.469437622693345,-0.20323703402003268
1.4779917374776304,-0.2059659148140991
1.485038114134026,-0.20799841308006428
1.485038114134026,-0.20799841308006428
1.4992646297505399,-0.21191097531243308
1.5054945797501347,-0.21372853961554483
1.5054945797501347,-0.21372853961554483
1.5208019881025656,-0.2184977913726165
1.5208019881025656,-0.2184977913726165
1.5339592232303403,-0.22322518633972166
1.5339592232303403,-0.22322518633972166
1.545430230900159,-0.2273017425034265
1.552604098067956,-0.23039158421331152
1.552604098067956,-0.23039158421331152
1.5587303772146992,-0.23322237057582562
1.5698926682006888,-0.23877671355560715
1.5742140025830427,-0.24097659564420226
1.5742140025830427,-0.24097659564420226
1.5877477805305489,-0.24732473693041968
1.5968261904427976,-0.25154738820476297
1.5968261904427976,-0.25154738820476297
1.6147846772389762,-0.26067494765455734
1.6147846772389762,-0.26067494765455734
1.6256473844581478,-0.2668488300070848
1.6256473844581478,-0.2668488300070848
1.6340683302873238,-0.27210902817607163
1.6408065983338656,-0.2764353154687438
1.6456028182479159,-0.2789671800581086
1.6456028182479159,-0.2789671800581086
1.6456028182479159,-0.2789671800581086
1.6627421008634968,-0.28919038917801565
1.6627421008634968,-0.28919038917801565
1.6729411222999246,-0.29442694560349736
1.6799428494421917,-0.2972511768395627
1.6850159988134727,-0.29930225781151165
1.6850159988134727,-0.29930225781151165
1.6947855549575195,-0.3016012205559022
1.6947855549575195,-0.3016012205559022
1.7094311502910653,-0.30709036835184556
1.7123895916756524,-0.3084790615968096
1.7185990334833274,-0.31088650659745554
1.723780225686589,-0.31215171935776986
1.723780225686589,-0.31215171935776986
1.732737788339458,-0.3134460738309901
1.741349360016514,-0.3153068269773076
1.7448848895779623,-0.31582603741422055
1.7492322391919348,-0.31661861072789144
1.7492322391919348,-0.31661861072789144
1.7650084298440856,-0.3198925507258412
1.7650084298440856,-0.3198925507258412
1.7554967662990162,-0.3368597982641486
1.756342919206796,-0.33776100695639855
1.7685169801183243,-0.33906433898437704
1.7685169801183243,-0.33906433898437704
1.7736389534801553,-0.33904774091687706
1.7736389534801553,-0.33904774091687706
1.7854206437883509,-0.3394112865212797
1.7854206437883509,-0.3394112865212797
1.7854206437883509,-0.3394112865212797
1.797425309247508,-0.3405974710624218
1.8035079817950574,-0.34024687775747786
1.8035079817950574,-0.34024687775747786
1.8035079817950574,-0.34024687775747786
1.8035079817950574,-0.34024687775747786
1.8137782551859019,-0.34024734709661963
1.8137782551859019,-0.34024734709661963
1.8213693429253244,-0.34049379003000446
1.8213693429253244,-0.34049379003000446
1.8282762032378894,-0.34043989555945764
1.8282762032378894,-0.34043989555945764
1.8365143579522165,-0.34137959185655475
1.8365143579522165,-0.34137959185655475
1.8395575099246937,-0.3417558595391039
1.8440764203955862,-0.3422918545547162
1.8490869567205408,-0.34237844629532965
1.854378426375476,-0.3414763542921442
1.8613415866429772,-0.34063903001992557
1.8639361960250014,-0.3403041854811413
1.8639361960250014,-0.3403041854811413
1.8783466638134563,-0.3377102679229811
1.8801181995172858,-0.3375226711185437
1.8908174999970964,-0.33610924120030283
1.8916504250785575,-0.3360259966468977
1.8958108638734892,-0.33515488252997905
1.9022316999541484,-0.33399113923367096
1.9059233871274888,-0.33338802046860394
1.90989674490873,-0.3321974766564093
1.9169712499201506,-0.32963012474929343
1.9200339641605986,-0.3287628418913169
1.925012245143476,-0.3271395184898278
1.9287585393411728,-0.3252164326906559
1.9362694080181395,-0.3211170077550207
1.9362694080181395,-0.3211170077550207
1.9431051902289553,-0.31801993598541856
1.9456806952418209,-0.3170558890455055
1.9559891292041023,-0.31112359503277
1.9559891292041023,-0.31112359503277
1.9606986104694073,-0.30835862523247215
1.9645105659883075,-0.3063943589651057
1.9645105659883075,-0.3063943589651057
1.9762804983344253,-0.29518715619267155
1.9788156788402862,-0.29324338784733683
1.9788156788402862,-0.29324338784733683
1.9788156788402862,-0.29324338784733683
1.988162891758245,-0.2876542369705106
1.9922774130858034,-0.28580814501505003
1.9961512973393596,-0.2836133513521517
1.998561671009531,-0.2819780435255801
1.998561671009531,-0.2819780435255801
2.0066591030543446,-0.27573735519229636
2.0105027147630707,-0.2733428640201261
2.014890696519954,-0.26993725419166736
2.0162549980687583,-0.2689406625204711
2.021132357601269,-0.26445155413810184
2.0269873325699717,-0.2588558312414371
2.030782598406997,-0.2554702275314238
2.034621233381337,-0.25110179768836893
2.034621233381337,-0.25110179768836893
2.034621233381337,-0.25110179768836893
2.034621233381337,-0.25110179768836893
2.044378316468128,-0.2411885208961504
2.0471280234817186,-0.2393469942018136
2.0471280234817186,-0.2393469942018136
2.0471280234817186,-0.2393469942018136
2.052345387470865,-0.2364797965877976
2.0573515170085486,-0.23367146014387608
2.0573515170085486,-0.23367146014387608
2.0573515170085486,-0.23367146014387608
2.0637017742380905,-0.22919372524897597
2.066345120511066,-0.22771243873455127
2.0695792416139565,-0.22540776760494907
2.074030278840283,-0.22146932383851592
2.074030278840283,-0.22146932383851592
2.074030278840283,-0.22146932383851592
2.0803229893636495,-0.21440587179957404
2.0830369662388275,-0.2102089138306109
2.0830369662388275,-0.2102089138306109
2.089446180957566,-0.20093406245880452
2.089446180957566,-0.20093406245880452
2.089446180957566,-0.20093406245880452
2.094593765764447,-0.19434726275061465
2.094593765764447,-0.19434726275061465
2.100380369950228,-0.18696032119691175
2.100380369950228,-0.18696032119691175
2.100380369950228,-0.18696032119691175
2.1067370275884,-0.1801229524036536
2.109084439360757,-0.17685327129023065
2.111542453431195,-0.1744455472008184
2.112651040589661,-0.17273996982567574
2.112651040589661,-0.17273996982567574
2.112651040589661,-0.17273996982567574
2.120542527971983,-0.16180031054518373
2.120542527971983,-0.16180031054518373
2.120542527971983,-0.16180031054518373
2.120542527971983,-0.16180031054518373
2.118173093191487,-0.1502018175437172
2.1201092094947533,-0.14792208622241532
2.1201092094947533,-0.14792208622241532
2.1248912667254913,-0.13999494514612287
2.126130913086282,-0.13765265617547762
2.128618527040505,-0.13144246895886624
2.128618527040505,-0.13144246895886624
2.128618527040505,-0.13144246895886624
2.1332594656876136,-0.11837089194873229
2.1332594656876136,-0.11837089194873229
2.137585178130177,-0.10944413935520103
2.137585178130177,-0.10944413935520103
2.137585178130177,-0.10944413935520103
2.137585178130177,-0.10944413935520103
2.14149620616622,-0.10035184517682438
2.14149620616622,-0.10035184517682438
2.14149620616622,-0.10035184517682438
2.14149620616622,-0.10035184517682438
2.146786482425645,-0.09046592912496898
2.146786482425645,-0.09046592912496898
2.1487774412234444,-0.08710184129194154
2.1487774412234444,-0.08710184129194154
2.1512743928275437,-0.08414061887477686
2.1537963205126207,-0.0803185160807054
2.155832080075591,-0.07587235549848081
2.155832080075591,-0.07587235549848081
2.155832080075591,-0.07587235549848081
2.1585209895139315,-0.069366406995087
2.1585209895139315,-0.069366406995087
2.1616777557593156,-0.0630456236789616
2.1616777557593156,-0.0630456236789616
2.1616777557593156,-0.0630456236789616
2.1641612955567098,-0.05696032163561959
2.1652536146838486,-0.055281726588448876
2.167148231341578,-0.05081405419199925
2.167148231341578,-0.05081405419199925
2.167148231341578,-0.05081405419199925
2.1696986857850984,-0.04212943724058782
2.1704919249529784,-0.04009325738458891
2.171513148435052,-0.035867777462419426
2.171513148435052,-0.035867777462419426
2.171513148435052,-0.035867777462419426
2.1744694202309933,-0.02207412993047697
2.1744694202309933,-0.02207412993047697
2.175589117175635,-0.012394380942025052
2.1759767171193243,-0.0056674048775544605
2.1759767171193243,-0.0056674048775544605
2.176620334858862,-0.0013546646965654219
2.176620334858862,-0.0013546646965654219
2.1778834673123786,0.004105912881955831
2.178556485828235,0.00762927751751441
2.1792427645715957,0.013292437146876779
2.1795253843012343,0.01685021541672782
2.1796129774171185,0.025046469657148407
2.1796129774171185,0.025046469657148407
2.179496353646403,0.03217340258045809
2.179281034586147,0.03549517310513828
2.178443595389613,0.04187718542576491
2.177644270571557,0.04743597810129074
2.177644270571557,0.04743597810129074
2.1750625088455617,0.06001725424217241
2.1750625088455617,0.06001725424217241
2.173334592491903,0.06910146564964847
2.173334592491903,0.06910146564964847
2.1709848138235124,0.07704074263052973
2.1619140973391495,0.08650844681858061
2.1619140973391495,0.08650844681858061
2.1601300587332783,0.09443579997299167
2.1601300587332783,0.09443579997299167
2.1581765214202555,0.10930687889322499
2.1581765214202555,0.10930687889322499
2.156179782532144,0.12120346222677547
2.1551103946342316,0.12751825569440456
2.1551103946342316,0.12751825569440456
2.1551103946342316,0.12751825569440456
2.1511658364129644,0.14950594608765044
2.1506574315526077,0.15361595785335602
2.1501659048235116,0.15797437569862005
2.1480815480211746,0.17131334817281818
2.146662842573498,0.1775699522380645
2.1447911523674534,0.18575602814214065
2.142178023504675,0.1966313476504613
2.142178023504675,0.1966313476504613
2.1375521899895915,0.21647271816796554
2.1375521899895915,0.21647271816796554
2.1375521899895915,0.21647271816796554
2.1352483618223825,0.2276102935371931
2.1338975894367724,0.2340056392946579
2.131979452075031,0.24126535948365024
2.1285788765372224,0.25359367612080597
2.1285788765372224,0.25359367612080597
2.1285788765372224,0.25359367612080597
2.1285788765372224,0.25359367612080597
2.122282495766788,0.27549428545109755
2.122282495766788,0.27549428545109755
2.119019623905741,0.28803286400570194
2.1181669495674385,0.29083871723625876
2.114710248080998,0.3017753215140271
2.114710248080998,0.3017753215140271
2.114710248080998,0.3017753215140271
2.1103542726146642,0.315714038414443
2.1088353666769173,0.320412380138249
2.107302377715367,0.32508205109250987
2.1037546147399,0.3354395637190919
2.1037546147399,0.3354395637190919
2.1037546147399,0.3354395637190919
2.0960439595107374,0.357142173127345
2.0921436334523857,0.3683783803003955
2.0921436334523857,0.3683783803003955
2.0875968654539854,0.37911423294785074
2.0875968654539854,0.37911423294785074
2.0875968654539854,0.37911423294785074
2.0809377547047774,0.39424819912015785
2.0779350477457488,0.40171111051420105
2.0779350477457488,0.40171111051420105
2.073963791126653,0.4112120277242184
2.073386153800234,0.4125939793184017
2.070634362816797,0.4195139506203116
2.0684968988231898,0.42453261512183715
2.0652677782477866,0.4319315710648137
2.062675228898822,0.4379171951265217
2.0585359153446596,0.4475466957578291
2.0585359153446596,0.4475466957578291
2.049470786712936,0.46725894195891016
2.049470786712936,0.46725894195891016
2.044334463756016,0.47842400883348546
2.0391022311586493,0.4895237391635252
2.034562398027104,0.4991676822550879
2.034562398027104,0.4991676822550879
2.025135214393787,0.5183662840149292
2.025135214393787,0.5183662840149292
2.025135214393787,0.5183662840149292
2.017763347181731,0.5329408241652409
2.017763347181731,0.5329408241652409
2.017763347181731,0.5329408241652409
2.017763347181731,0.5329408241652409
2.0052994007517704,0.5577378575763099
2.0009525707607114,0.565635088208003
1.9988704044392964,0.5694514983451775
1.9977927787352936,0.5714265088028938
1.9950602489959444,0.5762946235442854
1.992050857225827,0.5817349563113154
1.992050857225827,0.5817349563113154
1.992050857225827,0.5817349563113154
1.9807873608905098,0.6018590888135531
1.979453317102946,0.6042592199660586
1.9771289052739132,0.6083308339343301
1.9717081646381605,0.6178206018325714
1.9717081646381605,0.6178206018325714
1.9717081646381605,0.6178206018325714
1.964690711003536,0.6306290918357114
1.962419933544652,0.634214595287343
1.962419933544652,0.634214595287343
1.962419933544652,0.634214595287343
1.962419933544652,0.634214595287343
1.962419933544652,0.634214595287343
1.9498360122225318,0.6542368086035655
1.9498360122225318,0.6542368086035655
1.9498360122225318,0.6542368086035655
1.9457218951427233,0.6603323917500266
1.9427410878368185,0.6643408772064419
1.937654063798366,0.6715937059810049
1.9359530017773334,0.6741880882339544
1.9359530017773334,0.6741880882339544
1.9238852627353324,0.6936938008618245
1.9238852627353324,0.6936938008618245
1.917839210363459,0.7035100768321243
1.917839210363459,0.7035100768321243
1.909555463591941,0.7155259507671694
1.909555463591941,0.7155259507671694
1.9020166872481283,0.7249749996785759
1.8960718151800435,0.7326387097031102
1.8960718151800435,0.7326387097031102
1.891239650546586,0.7387195246353588
1.8868173224905842,0.7439915491433347
1.8815155405145028,0.7510461889362894
1.87374919889667,0.7618200021736214
1.8679147451399238,0.7703774902048739
1.8651631784731677,0.7745289100511457
1.8612175835665017,0.7809704021260444
1.853593969711774,0.7936808245716289
1.853593969711774,0.7936808245716289
1.8426323751616103,0.8081757799970912
1.8373773729696588,0.8162948784655839
1.834056655182982,0.822014241050077
1.834056655182982,0.822014241050077
1.8284133426334321,0.8337369204646219
1.8235746265903625,0.8427312751910403
1.8196966951719151,0.848839168123698
1.818065082219702,0.8517512027550005
1.818065082219702,0.8517512027550005
1.8101673230344772,0.8691527210281329
1.8101673230344772,0.8691527210281329
1.8057266980953575,0.8798047783129217
1.802193393203492,0.8880489833000578
1.802193393203492,0.8880489833000578
1.7985067869069002,0.8963568330811373
1.7954869528952901,0.9060853175021588
1.794141445235633,0.9144963490184583
1.7932865024189724,0.920019734506095
1.7932865024189724,0.920019734506095
1.7932865024189724,0.920019734506095
1.7897549653502818,0.9431610591072168
1.7875966201516391,0.9508304085166692
1.7875966201516391,0.9508304085166692
1.7845839901503382,0.9607377963148238
1.782306715187591,0.9693263377594885
1.782306715187591,0.9693263377594885
1.782306715187591,0.9693263377594885
1.7803635231472903,0.9804402312321336
1.7786623208209935,0.985448881103002
1.7786623208209935,0.985448881103002
1.7761537977766277,0.992446976798183
1.7761537977766277,0.992446976798183
1.7761537977766277,0.992446976798183
1.773655288801427,1.0077108995052821
1.7729475570717614,1.0103754118649722
1.7729475570717614,1.0103754118649722
1.7729475570717614,1.0103754118649722
1.7705950692880492,1.0167482198715714
1.7694151234681836,1.0219919585902062
1.7689260276507301,1.0243944430400305
1.7689260276507301,1.0243944430400305
1.7677740955379342,1.0330266665021899
1.7678773203592613,1.0360984748042412
1.7670921900759886,1.039880741607167
1.7670921900759886,1.039880741607167
1.7670921900759886,1.039880741607167
1.7657116618736275,1.0497008571099826
1.7657116618736275,1.0497008571099826
1.765262930582539,1.0555884876123631
1.765262930582539,1.0555884876123631
1.7645693616260836,1.0620733834933063
1.7645693616260836,1.0620733834933063
1.7632132622363326,1.0669726018945944
1.7632132622363326,1.0669726018945944
1.762397371136668,1.0740677130610266
1.7622739436998547,1.0751373299898024
1.7622739436998547,1.0751373299898024
1.7622739436998547,1.0751373299898024
1.7621493314938412,1.0886089281553932
1.7621493314938412,1.0886089281553932
1.7620053098955832,1.0941067868098742
1.7617628768506606,1.0967567307910606
1.761268124694391,1.1021908530789144
1.761268124694391,1.1021908530789144
1.7609060991630834,1.1070136934418038
1.7610115606276526,1.116078673778361
1.7610115606276526,1.116078673778361
1.7610115606276526,1.116078673778361
1.7615530271842292,1.125934384208188
1.7615530271842292,1.125934384208188
1.7619600533791306,1.133578325502187
1.7619241434686277,1.1367941476946761
1.7625528101912113,1.1419408316733275
1.7639563028117138,1.1469510640901959
1.7639563028117138,1.1469510640901959
1.7661467592009998,1.156338869610229
1.7683453874116886,1.161747460859436
1.7683453874116886,1.161747460859436
1.771712493533041,1.1706160826420096
1.771712493533041,1.1706160826420096
1.7735416677526814,1.174819832793034
1.7735416677526814,1.174819832793034
1.7735416677526814,1.174819832793034
1.7753889710275086,1.1824203850345647
1.7757200428036999,1.1844314370790272
1.777567686145284,1.1926119587666761
1.777567686145284,1.1926119587666761
1.7784004975689633,1.1981831113540213
1.7784004975689633,1.1981831113540213
1.7830180307674972,1.2081818897037184
1.7845452906693424,1.2118917672390221
1.7864707258690853,1.2157486192296787
1.7864707258690853,1.2157486192296787
1.7893279827065243,1.2206522253724188
1.791315879500008,1.2243284748498784
1.7942093060550572,1.2288184568150449
1.7942093060550572,1.2288184568150449
1.7990682083806782,1.237424669225268
1.7990682083806782,1.237424669225268
1.8020485523016845,1.2433432874704504
1.805388314832486,1.2496508570602458
1.8070052638334815,1.2520075361423117
1.8121767064500212,1.2606040699031436
1.8161810402902603,1.2674348770952726
1.8197935908666043,1.27210678075852
1.8197935908666043,1.27210678075852
1.8197935908666043,1.27210678075852
1.8197935908666043,1.27210678075852
1.8197935908666043,1.27210678075852
1.8197935908666043,1.27210678075852
1.8335158746590974,1.2917398241042264
1.8340307788160768,1.292737835118377
1.8340307788160768,1.292737835118377
1.8373436353922923,1.2990616986179546
1.8381572167263762,1.300786174975725
1.8434144018823595,1.3081124435249265
1.8448511823751943,1.309830082314134
1.8497407851711554,1.3157551191642476
1.850857063612045,1.3170895552256177
1.8579543915633625,1.3244919596480855
1.8579543915633625,1.3244919596480855
1.8640132900427915,1.3299804395010817
1.8665724179406205,1.3332323586349357
1.8701312170410773,1.3367956384929105
1.8701312170410773,1.3367956384929105
1.8793074906654574,1.343663888557943
1.8837384392862582,1.347736717536483
1.887799316438315,1.3519203531949486
1.887799316438315,1.3519203531949486
1.8939019364392902,1.358705151686861
1.8982320569190598,1.3631221240009594
1.9042168198913423,1.3666549265616332
1.9042168198913423,1.3666549265616332
1.9042168198913423,1.3666549265616332
1.9213583180059093,1.3722707845047104
1.9213583180059093,1.3722707845047104
1.9278238807692976,1.3800888124041713
1.9278238807692976,1.3800888124041713
1.9278238807692976,1.3800888124041713
1.9278238807692976,1.3800888124041713
1.9411378863676152,1.3927808740061796
1.9427777655378584,1.3942136561038865
1.9473497278798888,1.3990185367700523
1.9473497278798888,1.3990185367700523
1.9537376910918614,1.4055745013301255
1.9576256010054074,1.4094127472944287
1.9677354064318706,1.41864310154204
1.9706587717542394,1.4209765687718345
1.982645392235911,1.429749949631283
1.982645392235911,1.429749949631283
1.993423116347751,1.4378862490691198
1.993423116347751,1.4378862490691198
1.993423116347751,1.4378862490691198
2.0095012631476177,1.4509064151491504
2.0138254673513796,1.4548468816964615
2.0138254673513796,1.4548468816964615
2.0259979692766326,1.4636655626324782
2.0302171956330177,1.4674208871138443
2.0302171956330177,1.4674208871138443
2.041469947478353,1.4758379800928374
2.0497144598067134,1.482296481119624
2.0497144598067134,1.482296481119624
2.0573875310680396,1.4878195116337611
2.0573875310680396,1.4878195116337611
2.0729380420960997,1.4982635972704745
2.0729380420960997,1.4982635972704745
2.0834560773391146,1.5050787157676968
2.0834560773391146,1.5050787157676968
2.0909997628053496,1.5103122163558957
2.0909997628053496,1.5103122163558957
2.0988886605479085,1.5157355141470052
2.106815316486097,1.5205451058155202
2.106815316486097,1.5205451058155202
2.1189579098854168,1.527300975873116
2.122132727876444,1.5291819157601196
2.122132727876444,1.5291819157601196
2.139992976481871,1.539446657078388
2.139992976481871,1.539446657078388
2.139992976481871,1.539446657078388
2.139992976481871,1.539446657078388
2.159978049279845,1.5511964672673137
2.1667489838543865,1.5540345672791052
2.1667489838543865,1.5540345672791052
2.1758564144693135,1.5572913248088671
2.1758564144693135,1.5572913248088671
2.1885476377712454,1.5617123427257873
2.200527365708828,1.565180286592156
2.200527365708828,1.565180286592156
2.200527365708828,1.565180286592156
2.2090137688297737,1.5673996932663385
2.214076243564996,1.568528247842039
2.2262779524494274,1.5707875361717054
2.2314392175102036,1.5717288725786496
2.2314392175102036,1.5717288725786496
2.2409682120878287,1.5737282409280926
2.2500793366344336,1.575452557835776
2.2557891676271353,1.576680952579423
2.2557891676271353,1.576680952579423
2.270112675549587,1.5799204032575869
2.276373579080211,1.5811583784316028
2.276373579080211,1.5811583784316028
2.29336291837212,1.5845646375332585
2.29336291837212,1.5845646375332585
2.307907956453379,1.5870294710488633
2.307907956453379,1.5870294710488633
2.3162991307890355,1.5879398102163371
2.3279421456662845,1.5941187242907997
2.3279421456662845,1.5941187242907997
2.3453718026399013,1.6026478060790978
2.358212059709512,1.6041648324397038
2.359368199272609,1.604360663854612
2.359368199272609,1.604360663854612
2.3796478860357144,1.6080782871741839
2.3796478860357144,1.6080782871741839
2.3913005352780097,1.610057551559466
2.3913005352780097,1.610057551559466
2.4067530248711364,1.6136535093290387
2.4067530248711364,1.6136535093290387
2.4067530248711364,1.6136535093290387
2.4067530248711364,1.6136535093290387
2.4261768471673957,1.6183269362667563
2.4291008678245465,1.6193663312711237
2.4291008678245465,1.6193663312711237
2.43541955882559,1.6206188282685599
2.4438678787111545,1.62346806346555
2.4438678787111545,1.62346806346555
2.4438678787111545,1.62346806346555
2.455928697195114,1.6266624379405847
2.455928697195114,1.6266624379405847
2.455928697195114,1.6266624379405847
2.46480265166292,1.6282854755995455
2.469199432641549,1.628972814163511
2.469199432641549,1.628972814163511
2.4793114610237232,1.6329848424212656
2.4838143519926295,1.635157641474546
2.490479573035966,1.6381593943989952
2.495563910610773,1.640716374627532
2.4989180721757354,1.6427659986637142
2.506834604545057,1.6483731466992104
2.51008551333706,1.6504437268147818
2.517912177748938,1.6562002853246423
2.517912177748938,1.6562002853246423
2.5263965372300614,1.6621920343135397
2.5263965372300614,1.6621920343135397
2.5327214561917213,1.6667501534266105
2.5327214561917213,1.6667501534266105
2.5327214561917213,1.6667501534266105
2.541965352671781,1.671840170350098
2.5456500579954398,1.673967614034236
2.5503861826344103,1.6772218409883717
2.5503861826344103,1.6772218409883717
2.5503861826344103,1.6772218409883717
2.5617844713884743,1.6844665131003538
2.565684022733489,1.6866135807651865
2.5671742116500695,1.6875347269509007
2.5714624254648566,1.6915400435556034
2.574221829691167,1.6940348743825275
2.574221829691167,1.6940348743825275
2.5828124994849073,1.7023584754102004
2.585439924557347,1.7048679919809242
2.5924875822262923,1.7105290197239995
2.5947107614997726,1.7127003068470827
2.5947107614997726,1.7127003068470827
2.601476745441916,1.720660231472742
2.6051882478106663,1.7251920120837685
2.607816417094334,1.7284896989042622
2.6121573185974594,1.7338874322695013
2.6169060586074817,1.7351573591590839
2.6244899376370974,1.737012716399617
2.6244899376370974,1.737012716399617
2.630802337202258,1.7444552119469954
2.6312088341383255,1.746224503128797
2.631446712795677,1.7530529412999307
2.631446712795677,1.7530529412999307
2.631440901600909,1.7579917828303984
2.6314155054921393,1.7637680672386864
2.6314155054921393,1.7637680672386864
2.6310648074347114,1.7687716224124728
2.6310648074347114,1.7687716224124728
2.6299110694146,1.7780100523877245
2.6295684519067635,1.7797962716786042
2.6295684519067635,1.7797962716786042
2.628128182293322,1.78818806851924
2.628128182293322,1.78818806851924
2.627345062582025,1.793159224647237
2.627345062582025,1.793159224647237
2.6261483666569756,1.7986038714613777
2.6261483666569756,1.7986038714613777
2.6257102945454545,1.8005477706064426
2.6257102945454545,1.8005477706064426
2.6248987084464144,1.802699865230423
2.6248987084464144,1.802699865230423
2.6248987084464144,1.802699865230423
2.6247540825696642,1.806326949547726
2.6247540825696642,1.806326949547726
2.62441803357121,1.8081371979057739
2.624115933893938,1.808654052078083
2.6240555441371267,1.8099849500743517
2.6235953489693724,1.812015504607059
2.6234044886842547,1.813402301763979
2.62294709614093,1.8144970722379732
2.6227821384159267,1.8167259712313353
2.6227821384159267,1.8167259712313353
2.6227821384159267,1.8167259712313353
2.621849061470259,1.8194507923904748
2.622537130068922,1.8203262793988575
2.622537130068922,1.8203262793988575
2.622537130068922,1.8203262793988575
2.6223868960421335,1.8215280618009384
2.6222747984130166,1.8214827359214922
2.622467453377455,1.821993656987031
2.622467453377455,1.821993656987031
2.6224129853686247,1.8230631700467814
2.6223675155672215,1.8233446562490485
2.622421063942875,1.8240043747983776
2.622421063942875,1.8240043747983776
2.6225650001035454,1.8252936726719646
2.6225650001035454,1.8252936726719646
2.622197377561914,1.8256839864246164
2.6225542834406284,1.8259618451869457
2.6225542834406284,1.8259618451869457
2.6218257368282867,1.8284853793635722
2.622294881740311,1.8290682789881938
2.6219305025562996,1.8302736226528005
2.6219069226613136,1.831912050410077
2.6216217264145705,1.8330581534932815
2.6213002316387914,1.8335929503535855
2.6213002316387914,1.8335929503535855
2.621805246604321,1.83480222877545
2.621859847414651,1.8354581740899327
2.621859847414651,1.8354581740899327
2.621694361093594,1.8351558072453322
2.6219589285113862,1.8355830838471672
2.62156995274937,1.835600581072491
2.621164285086193,1.8365281123903152
2.6215323908105646,1.8377587933346025
2.621136846702008,1.8384552364407885
2.6211908856096677,1.8385920732754357
2.6210834780886625,1.839283355893329
2.6210834780886625,1.839283355893329
2.6210834780886625,1.839283355893329
2.6210834780886625,1.839283355893329
2.6210834780886625,1.839283355893329
2.621807499774903,1.8368384386205552
2.622851231504722,1.8365810721648863
2.622851231504722,1.8365810721648863
2.622851231504722,1.8365810721648863
2.6234002623839867,1.836921185117733
2.6234002623839867,1.836921185117733
2.6234002623839867,1.836921185117733
2.623828504199979,1.8339948511297823
2.623828504199979,1.8339948511297823
2.623828504199979,1.8339948511297823
2.623722300503305,1.8323733892536165
2.624242664371982,1.8319832335931192
2.624242664371982,1.8319832335931192
2.6237988405775994,1.8331058208925288
2.6237988405775994,1.8331058208925288
2.6233057857583653,1.8344597232389415
2.6229295888139283,1.8350883291455808
2.6229295888139283,1.8350883291455808
2.6229295888139283,1.8350883291455808
2.622851832707388,1.8352826030293716
2.622851832707388,1.8352826030293716
2.622851832707388,1.8352826030293716
2.6239322952008077,1.8348220710388237
2.6239322952008077,1.8348220710388237
2.623819660331284,1.8349588192393629
2.623819660331284,1.8349588192393629
2.623819660331284,1.8349588192393629
2.6237466288211255,1.8342167791044748
2.6238677972620454,1.8338641537908895
2.6238677972620454,1.8338641537908895
2.6238677972620454,1.8338641537908895
2.6238677972620454,1.8338641537908895
2.6241107156973005,1.8331674749368894
2.6239152347913084,1.8323650365042283
2.6239152347913084,1.8323650365042283
2.6239152347913084,1.8323650365042283
2.6244898247459183,1.8320846011032632
2.6243521925607762,1.831825759889007
2.6243521925607762,1.831825759889007
2.624550630784837,1.832107681242535
2.624550630784837,1.832107681242535
2.6241404277966467,1.8335805573013015
2.6236276418784783,1.8340638127132536
2.6232291249780673,1.8360429380750318
2.623035982811425,1.8370188982796147
2.6228932551914834,1.8388822351068743
2.622871719610421,1.8394547063193034
2.622871719610421,1.8394547063193034
2.622871719610421,1.8394547063193034
2.623197589743805,1.840188350118277
2.622597429230609,1.8414459625441246
2.622597429230609,1.8414459625441246
2.6226880435529036,1.8431162299534947
2.6226880435529036,1.8431162299534947
2.622973196257645,1.8420174167721033
2.622973196257645,1.8420174167721033
2.6229717019889733,1.8413005835692395
2.623278238490119,1.8403235091668524
2.6235355357197303,1.8403325403313406
2.6235355357197303,1.8403325403313406
2.6235355357197303,1.8403325403313406
2.6229612516329492,1.8404055010682825
2.6229612516329492,1.8404055010682825
2.6235511635435564,1.8404491436954942
2.6235511635435564,1.8404491436954942
2.623670758691526,1.8394983894402746
2.6230380780692037,1.8402978374365393
2.6230380780692037,1.8402978374365393
2.6224350809591517,1.8411331522213938
2.622648064352447,1.8420949537682247
2.6225132518419496,1.8421852023359744
2.6224586370558853,1.842319529725934
2.6224586370558853,1.842319529725934
2.62250375897146,1.841644711678967
2.62250375897146,1.841644711678967
2.622671549231983,1.8406605980238844
2.6230669942901876,1.840617015724261
2.6230669942901876,1.840617015724261
2.6232012644829084,1.8405405089466402
2.622804978734914,1.840057571890716
2.622804978734914,1.840057571890716
2.623237308114753,1.8403843220352076
2.622839810718366,1.840815110062751
2.6228430100730833,1.841742130253298
2.6228430100730833,1.841742130253298
2.623171112840753,1.8423900499981638
2.6229118418612316,1.8431654615794493
2.62291912989933,1.8432633028780128
2.6224523018727215,1.8438940801733885
2.6224086766346595,1.8439984272664773
2.6224086766346595,1.8439984272664773
2.6224076568854677,1.8444062493253615
2.6220650315880807,1.8450747804111192
2.6221440438514474,1.8457032199170325
2.6221440438514474,1.8457032199170325
2.622224472058946,1.845659923545277
2.622012455456325,1.8460469962638655
2.622110941603344,1.8466455898646856
2.6223861673498536,1.847149295904222
2.6223165152631793,1.8472057670216344
2.6223165152631793,1.8472057670216344
2.6223945888692324,1.8478282387320064
2.6221768004849384,1.8473496267937772
2.6221768004849384,1.8473496267937772
2.622562171710781,1.8475471970315631
2.6225392775115512,1.8476393121244232
2.6225392775115512,1.8476393121244232
2.622617545478912,1.8476991271619703
2.6226944509178605,1.8481109761804149
2.6224922020993784,1.8488537553839794
2.6224152909361234,1.8489963518564831
2.622159756006365,1.848991339236182
2.622159756006365,1.848991339236182
2.622504847126647,1.8497543168792365
2.622504847126647,1.8497543168792365
2.623017993744904,1.8498413280748789
2.623017993744904,1.8498413280748789
2.623017993744904,1.8498413280748789
2.6234173132167573,1.848234659308277
2.6234173132167573,1.848234659308277
2.623637164546931,1.8502753725140852
2.623637164546931,1.8502753725140852
2.6234346345390165,1.8521444477154798
2.62336899464189,1.8527026508772195
2.6225362573405135,1.8534833459881899
2.622206756954167,1.8543947669190555
2.6221632945827267,1.8549856116187424
2.6221632945827267,1.8549856116187424
2.62259859457353,1.8556227461884518
2.6226056259346553,1.8564279536347819
2.6226056259346553,1.8564279536347819
2.6226056259346553,1.8564279536347819
2.6226056259346553,1.8564279536347819
2.622796036702729,1.8565974131122331
2.6231324295378773,1.8558822398756583
2.6231324295378773,1.8558822398756583
2.6222358367298106,1.8548214013725985
2.622497182435069,1.8531785468746271
2.622606639434837,1.8539843239155438
2.6227282840901154,1.8545295146723184
2.6225060320077827,1.854410852937514
2.6225060320077827,1.854410852937514
2.6230830291536957,1.8549368367033257
2.6230830291536957,1.8549368367033257
2.6232599166334847,1.8553286450253115
2.6232599166334847,1.8553286450253115
2.6235604680520197,1.8563627632182556
2.6240170502236477,1.856552214292316
2.6238776429927757,1.8576834316314201
2.6238776429927757,1.8576834316314201
2.6241007621011185,1.8602149955681373
2.6233039624662773,1.8606481678256177
2.6233039624662773,1.8606481678256177
2.6233039624662773,1.8606481678256177
2.6233039624662773,1.8606481678256177
2.622147106887935,1.8573364753103654
2.623771302022515,1.8571065172482566
2.6239702567533243,1.8571945988015646
2.6239711436424535,1.8578043158440547
2.6239711436424535,1.8578043158440547
2.6239315012107465,1.8579373164448398
2.624107370630526,1.8579523064920345
2.624107370630526,1.8579523064920345
2.6241586679008133,1.85738305984815
2.6241586679008133,1.85738305984815
2.6241586679008133,1.85738305984815
2.6241586679008133,1.85738305984815
2.6242738787896887,1.8550037391436103
2.6242738787896887,1.8550037391436103
2.6247082660316146,1.8547993199134964
2.6247082660316146,1.8547993199134964
2.625375856551015,1.8539829238260275
2.624947948788039,1.854505210344005
2.624947948788039,1.854505210344005
2.6253182248905116,1.855781949512231
2.624973989334034,1.8561380113525097
2.624973989334034,1.8561380113525097
2.624885600026886,1.8573073111925495
2.624885600026886,1.8573073111925495
2.624885600026886,1.8573073111925495
2.6251940684755013,1.85623758472636
2.6251785720326772,1.8560479932678522
2.624994925451409,1.8557052624590558
2.6250160695433564,1.856079755572006
2.624778635903116,1.855779891046888
2.624778635903116,1.855779891046888
2.6250400439686423,1.8557579930063959
2.6246928583552656,1.856167599736409
2.6246928583552656,1.856167599736409
2.6242519298529263,1.8551455067300875
2.6242519298529263,1.8551455067300875
2.6250203866416726,1.8560152858709813
2.6250203866416726,1.8560152858709813
2.6250203866416726,1.8560152858709813
2.625223693495382,1.8567713215732127
2.624597903442673,1.8572217850480346
2.624597903442673,1.8572217850480346
2.624597903442673,1.8572217850480346
2.624597903442673,1.8572217850480346
2.6240666626420577,1.8552626884226662
2.6240666626420577,1.8552626884226662
2.6240666626420577,1.8552626884226662
2.6240666626420577,1.8552626884226662
2.6243666682397144,1.8565557728903421
2.6243666682397144,1.8565557728903421
2.625020447367012,1.8552227288194363
2.625020447367012,1.8552227288194363
2.6249623932303408,1.8560584616072688
2.6249623932303408,1.8560584616072688
2.6249623932303408,1.8560584616072688
2.62491924079106,1.855456152540862
2.624869716748538,1.855612415452466
2.624869716748538,1.855612415452466
2.6249713322229304,1.8563993312872498
2.6249713322229304,1.8563993312872498
2.625024023062444,1.8581045291599096
2.625024023062444,1.8581045291599096
2.625458772946679,1.8572886385208776
2.6254070022138762,1.8572604132959256
2.6254070022138762,1.8572604132959256
2.625589367423915,1.8584864290305774
2.6252196052563512,1.8587348195194817
2.6254528366891545,1.859442349106926
2.625357930818037,1.8598384771811673
2.6247919186700255,1.859639190847565
2.624854807552401,1.8603424188682496
2.6248389392910614,1.8610564407788885
2.6248389392910614,1.8610564407788885
2.6248389392910614,1.8610564407788885
2.6248389392910614,1.8610564407788885
2.6251879343347255,1.8589099045912771
2.6254253167677213,1.8590277393956693
2.6251163569970473,1.8602583042555612
2.6251958220891662,1.8604396189977201
2.6251958220891662,1.8604396189977201
2.625182182789276,1.8603990415640936
2.625001600477745,1.8611174940360513
2.625001600477745,1.8611174940360513
2.625001600477745,1.8611174940360513
2.625001600477745,1.8611174940360513
2.6259466714267745,1.8563321594979207
2.625978161237894,1.856434289192368
2.625978161237894,1.856434289192368
2.625651298602806,1.8570770133504322
2.625651298602806,1.8570770133504322
2.625781380239861,1.8568788533943934
2.625781380239861,1.8568788533943934
2.625854551528798,1.8577963773886648
2.625915155181996,1.8585047247016853
2.625915155181996,1.8585047247016853
2.6257526421401725,1.858677847493695
2.6257526421401725,1.858677847493695
2.626204699595558,1.858823762120041
2.626204699595558,1.858823762120041
2.6260287238710376,1.8585928499018056
2.625907982706206,1.859013559190208
2.6255421732058863,1.8597263027519837
2.6251840221852305,1.8605121589803755
2.6256267678713865,1.8610383701610065
2.6260429555617524,1.861096350325731
2.6258843627624042,1.8613376506147183
2.6256772445797623,1.861767691646227
2.62570216266705,1.8621983207774981
2.6256049530206216,1.863089625528982
2.625348815309989,1.8638800630086152
2.625348815309989,1.8638800630086152
2.625348815309989,1.8638800630086152
2.6256846764697848,1.8632011605945724
2.6256846764697848,1.8632011605945724
2.625987492815632,1.861970405229954
2.626003743482082,1.8617622736540937
2.626003743482082,1.8617622736540937
2.626003743482082,1.8617622736540937
2.625542688716454,1.8603418415039723
2.625799782121627,1.8595014745090879
2.6257460510821744,1.8593258339956087
2.6257460510821744,1.8593258339956087
2.625461940710519,1.8582571329400022
2.6258730324111568,1.8582452920615768
2.625851312880469,1.8585059533841122
2.625851312880469,1.8585059533841122
2.6258063505871228,1.8595008637225483
2.625036211197994,1.8565147935871806
2.625036211197994,1.8565147935871806
2.625558350972108,1.8547190049999482
2.625558350972108,1.8547190049999482
2.62590096859757,1.8525999441969319
2.62595790612586,1.852896954688699
2.625796347966892,1.8527807257503515
2.625796347966892,1.8527807257503515
2.625647960526196,1.8529456397229858
2.625685799006625,1.8532229351379517
2.625685799006625,1.8532229351379517
2.6254525102244095,1.8557269932172353
2.6252092161026983,1.8562322960162003
2.6252187200651704,1.856926864038579
2.625042094233926,1.8570639478842956
2.6250365666142894,1.857976303806483
2.6250114952791694,1.8587921116854744
2.6248225222228747,1.8590334888740294
2.6250233574099333,1.8593041766011833
2.6249658324990133,1.860210592842165
2.62488839430881,1.8610353318214177
2.6248501377843496,1.8614225047641106
2.6248501377843496,1.8614225047641106
2.624783745046013,1.8619507995549327
2.624758951932801,1.8622158880084996
2.6247786328644107,1.862531563532622
2.624336570783731,1.8633959002185705
2.624425421298689,1.863970512126432
2.624425421298689,1.863970512126432
2.624406145609374,1.8662134035536209
2.6241109067604373,1.8661367130130095
2.6243738770184795,1.8661836856168907
2.6243738770184795,1.8661836856168907
2.6243738770184795,1.8661836856168907
2.6243021057137756,1.8647173988490184
2.6243021057137756,1.8647173988490184
2.624416591021216,1.8642361838843478
2.624416591021216,1.8642361838843478
2.624378499520912,1.8644670576132665
2.624235575041686,1.8640853008363223
2.6243674214885253,1.8646452412429575
2.624483076176091,1.8652979775242482
2.6245575162233106,1.8654260612554197
2.6243904732325607,1.8656734768295369
2.624373096852814,1.8659382072877726
2.624243618545501,1.866905344470613
2.6239255707679554,1.8673868679304153
2.6237998390945947,1.8671031768475554
2.6240192612466995,1.8675937184961295
2.6239823439138217,1.8678397163623757
2.6237519748201983,1.868859072580742
2.623658281146815,1.8692181526760443
2.6234429084330664,1.869933249382136
2.62304753085591,1.8699380802833296
2.623395847750137,1.8706131871402683
2.623512014696095,1.8706418801062554
2.622946427452824,1.8708422063346948
2.6232059175268247,1.8709330641440811
2.623188636453907,1.871095527701188
2.62322264605813,1.8714800711359363
2.6232489387932834,1.8713297854157354
2.62329595850305,1.8713160853843078
2.623163002045958,1.8718489047630467
2.622920350566657,1.8695672329137167
2.622865396637481,1.8695108910028146
2.6225591313346452,1.869648137259171
2.6227838707893465,1.8688789037859266
2.622766589596356,1.8695053477436314
2.6223960499772705,1.8695994312930448
2.6220899075347965,1.86831340143085
2.6220899075347965,1.86831340143085
2.6228608214750686,1.8648162232440608
2.6231289909067037,1.863754661242746
2.6230150928988927,1.8632502691290558
2.623268006871635,1.8630980809515307
2.6233530661470503,1.8631156556375181
2.6232266798215047,1.8632531868823357
2.623247237506641,1.864155471543647
2.6234064364878087,1.864444298671268
2.6235517108947626,1.8646304174026582
2.623484412558726,1.86539182355963
2.623427840698959,1.8657343522142202
2.6235757842392395,1.8664171039373905
2.6235757842392395,1.8664171039373905
2.6235757842392395,1.8664171039373905
2.6236015420748444,1.8658989727660558
2.6238449960950216,1.8661757253800833
2.623861003409278,1.867567518258678
2.6237911459688963,1.8681038079376702
2.62356242086166,1.8692606758245844
2.6234504304855317,1.8698505798932725
2.6239295539237286,1.870115234833083
2.6239295539237286,1.870115234833083
2.6239153060125826,1.8715828699146293
2.6237389544271448,1.8717887035354064
2.623400337736175,1.8729198604025505
2.6228031159342446,1.8725944417679017
2.6230714789261764,1.870409287564792
2.6230714789261764,1.870409287564792
2.623183967140717,1.8690890735295724
2.6231249723667656,1.8695082132497145
2.6226071207371753,1.8696672665187997
2.6225362611069123,1.8694447903607418
2.6223341308286603,1.8690443541192714
2.6213899149019717,1.8658296546427486
2.622014184223202,1.8640704921799074
2.6219328019849257,1.8634759374872392
2.621992759140527,1.8635602744930058
2.621615034249409,1.864901356892446
2.6218110982265443,1.865646499460306
2.621867857905455,1.865600181085778
2.621867857905455,1.865600181085778
2.622340689936216,1.865609820393093
2.622340689936216,1.865609820393093
2.621165612066351,1.865960364182687
2.6220695387139266,1.866827991596688
2.6221730155122973,1.8673933386488226
2.622573267683654,1.867626419786422
2.622243245220586,1.8682675264461164
2.621696833151031,1.8678714887490973
2.6219680998416095,1.8665938085451046
2.6219680998416095,1.8665938085451046
2.6221958860071215,1.8655810210464185
2.6218368778560457,1.8658475086311217
2.622094972329929,1.8666837572292305
2.6221296422983453,1.8675699346153145
2.621662113515571,1.8650889597599534
2.6216411624678333,1.8647300454593445
2.6211072213626547,1.8636476785785518
2.6211830690146822,1.864015255600755
2.6208381347592766,1.8628074880038987
2.6208381347592766,1.8628074880038987
2.6211225208593465,1.8592923862475033
2.6209346931730124,1.8605946694686804
2.6209346931730124,1.8605946694686804
2.621202965386857,1.8617232945206297
2.620934154865264,1.8625632299213333
2.620934154865264,1.8625632299213333
2.621326213375614,1.8634249741753024
2.6217722282359652,1.8639238564277907
2.6216084237680874,1.8649305537303107
2.62191891287684,1.8660201908808425
2.621282988520653,1.865841737184624
2.621666516419843,1.8649405979902394
2.622082055234568,1.8650050036679815
2.6218397894346257,1.8659964615130669
2.6206506219180508,1.864753430387692
2.6208228650645573,1.8608331329595735
2.6217044250353663,1.8588031414905064
2.621710778104644,1.8569183683773733
2.621957038118021,1.85744182376318
2.6219142098716404,1.8575803756268314
2.6219142098716404,1.8575803756268314
2.621857449562425,1.8592351104800713
2.6221487714694725,1.859962960422731
2.6221709613010127,1.8612254864049156
2.6221966707472752,1.8621770231148886
2.6221248633777865,1.8624401948907447
2.6224671723760107,1.8629815570333985
2.6222216321482748,1.8631770088465593
2.6222216321482748,1.8631770088465593
2.622791686401449,1.8627945268861499
2.622738885634229,1.863399573260656
2.622709714891066,1.8636115859317854
2.6227044106494706,1.8645712078430812
2.6223936067439446,1.8646597584088234
2.6223067311341843,1.8661442401852444
2.6223604570486465,1.867134770371294
2.6215052749501115,1.8670360664601322
2.6215052749501115,1.8670360664601322
2.6225599315815256,1.8667637016367262
2.6222991442512154,1.8671765121086157
2.6222335847678533,1.8670824234608538
2.6223615552730823,1.8661593333205904
2.6226215400833564,1.8663797152744195
2.6226083278904326,1.8666846237970134
2.6226172526889755,1.8674318872132023
2.622690964368326,1.868795043059496
2.6225774842192866,1.8693862324508057
2.622756199739225,1.8695700188906805
2.622756199739225,1.8695700188906805
2.6229731946211334,1.86966903910165
2.6226180335099585,1.8698085840933487
2.62283303159057,1.8700875381207407
2.6228930413415767,1.8706673050342584
2.622440226578801,1.869946718115349
2.6219924886441284,1.8677320910527104
2.6216601442663805,1.8642284212520774
2.6220868945443563,1.8637321935730995
2.621816654955543,1.8635390560883582
2.621807903162116,1.8649521679906282
2.621807903162116,1.8649521679906282
2.6223665804281833,1.8662804581728878
2.622435484214268,1.8673695254994502
2.622581428034474,1.8680435542532834
2.6226415805996446,1.868386414455097
2.6223474498986725,1.8689469809506551
2.621659107908801,1.8668716965438996
2.622658312088957,1.866795203149218
2.6226754188924044,1.867323848989809
2.6225832052976408,1.867971280577164
2.622294107846953,1.8683230513287246
2.6225590934360152,1.8690342127335118
2.6225092820512135,1.8689549406954384
2.622795879702357,1.8693114401905895
2.6228167830646694,1.8696645567224337
2.622733739661699,1.8700811184602237
2.6228513962164897,1.8703054727472885
2.6229257231985983,1.870115430669502
2.6230674979602338,1.8702510318051644
2.6230674979602338,1.8702510318051644
